<ims:imsmanifest xmlns:ims="http://www.imsglobal.org/xsd/imscp_v1p1" xmlns:xsi="http://www.w3.org/2001/XMLSchema-instance" xsi:schemaLocation="http://www.imsglobal.org/xsd/imscp_v1p1 http://www.imsglobal.org/xsd/qti/qtiv2p1/qtiv2p1_imscpv1p2_v1p0.xsd">
  <organizations>
    <organization identifier="org1">
      <item identifier="assessment" identifierref="5a22040f9d6bca69a53f7cdb60b907af"/>
    </organization>
  </organizations>
  <resources>
    <resource identifier="5a22040f9d6bca69a53f7cdb60b907af" type="imsqti_test_xmlv2p1" href="5a22040f9d6bca69a53f7cdb60b907af.xml"/>
  </resources>
</ims:imsmanifest>
