<ims:imsmanifest xmlns:ims="http://www.imsglobal.org/xsd/imscp_v1p1" xmlns:xsi="http://www.w3.org/2001/XMLSchema-instance" xsi:schemaLocation="http://www.imsglobal.org/xsd/imscp_v1p1 http://www.imsglobal.org/xsd/qti/qtiv2p1/qtiv2p1_imscpv1p2_v1p0.xsd"><organizations><organization identifier="org1"><item identifier="assessment" identifierref="f2f73c17deb08e0b451ba6c1ba7daf46"/></organization></organizations><resources><resource identifier="f2f73c17deb08e0b451ba6c1ba7daf46" type="imsqti_test_xmlv2p1" href="assessment.xml"/></resources></ims:imsmanifest>