point,rt,signal
0,0.214,96332
1,0.223,91781
2,0.232,92221
3,0.241,91292
4,0.250,88105
5,0.260,85982
6,0.269,85711
7,0.278,84337
8,0.287,226537
9,0.296,80218
10,0.306,79172
11,0.315,74948
12,0.324,77005
13,0.333,76868
14,0.342,74579
15,0.351,74309
16,0.361,212217
17,0.370,72368
18,0.379,70416
19,0.388,68745
20,0.397,209228
21,0.407,67895
22,0.416,66488
23,0.425,66634
24,0.434,64318
25,0.443,205171
26,0.453,65110
27,0.462,63627
28,0.471,63875
29,0.480,205821
30,0.489,62675
31,0.499,202020
32,0.508,61988
33,0.517,60221
34,0.526,61526
35,0.535,62140
36,0.544,61022
37,0.554,59851
38,0.563,197412
39,0.572,58472
40,0.581,197072
41,0.590,59138
42,0.600,60405
43,0.609,58581
44,0.618,58047
45,0.627,57919
46,0.636,57212
47,0.646,56527
48,0.655,58623
49,0.664,56063
50,0.673,57919
51,0.682,56639
52,0.691,193874
53,0.701,56395
54,0.710,56641
55,0.719,56325
56,0.728,190832
57,0.737,55172
58,0.747,56135
59,0.756,53652
60,0.765,55848
61,0.774,56376
62,0.783,55144
63,0.793,55149
64,0.802,53110
65,0.811,53673
66,0.820,54614
67,0.829,53121
68,0.839,51354
69,0.848,53524
70,0.857,52081
71,0.866,53836
72,0.875,53013
73,0.884,52255
74,0.894,52223
75,0.903,54153
76,0.912,184998
77,0.921,53379
78,0.930,51891
79,0.940,187352
80,0.949,52509
81,0.958,52036
82,0.967,186872
83,0.976,184793
84,0.986,52438
85,0.995,183916
86,1.004,51547
87,1.013,50640
88,1.022,52971
89,1.032,183959
90,1.041,51011
91,1.050,50300
92,1.059,50146
93,1.068,51802
94,1.077,51541
95,1.087,51635
96,1.096,52509
97,1.105,51736
98,1.114,51098
99,1.123,52516
100,1.133,50320
101,1.142,51420
102,1.151,182414
103,1.160,49266
104,1.169,50191
105,1.179,50626
106,1.188,50820
107,1.197,183126
108,1.206,50146
109,1.215,49186
110,1.225,51012
111,1.234,50614
112,1.243,49026
113,1.252,49476
114,1.261,183007
115,1.270,180928
116,1.280,49504
117,1.289,52083
118,1.298,51233
119,1.307,50047
120,1.316,49439
121,1.326,49855
122,1.335,50354
123,1.344,50308
124,1.353,50781
125,1.362,50481
126,1.372,50576
127,1.381,49841
128,1.390,50609
129,1.399,177619
130,1.408,49306
131,1.417,178391
132,1.427,49247
133,1.436,50181
134,1.445,49077
135,1.454,50494
136,1.463,48876
137,1.473,48980
138,1.482,49781
139,1.491,49579
140,1.500,50455
141,1.509,49507
142,1.519,51593
143,1.528,49442
144,1.537,50554
145,1.546,178116
146,1.555,51646
147,1.565,49148
148,1.574,49423
149,1.583,49837
150,1.592,49237
151,1.601,50333
152,1.610,51933
153,1.620,48704
154,1.629,49857
155,1.638,51471
156,1.647,49761
157,1.656,48841
158,1.666,174045
159,1.675,49575
160,1.684,49783
161,1.693,171673
162,1.702,50462
163,1.712,50368
164,1.721,50513
165,1.730,48739
166,1.739,50358
167,1.748,48355
168,1.758,49880
169,1.767,49527
170,1.776,172505
171,1.785,49247
172,1.794,48624
173,1.803,49714
174,1.813,169647
175,1.822,48364
176,1.831,171858
177,1.840,169183
178,1.849,48679
179,1.859,48930
180,1.868,50296
181,1.877,48621
182,1.886,50493
183,1.895,47973
184,1.905,49299
185,1.914,48913
186,1.923,49271
187,1.932,49384
188,1.941,49168
189,1.950,49343
190,1.960,49984
191,1.969,49607
192,1.978,48948
193,1.987,48226
194,1.996,49544
195,2.006,48385
196,2.015,48948
197,2.024,48974
198,2.033,168263
199,2.042,47673
200,2.052,49255
201,2.061,47943
202,2.070,48697
203,2.079,48389
204,2.088,48851
205,2.098,48585
206,2.107,48246
207,2.116,48104
208,2.125,49006
209,2.134,48259
210,2.143,49508
211,2.153,47876
212,2.162,47449
213,2.171,48432
214,2.180,48324
215,2.189,48333
216,2.199,48541
217,2.208,48054
218,2.217,47655
219,2.226,47663
220,2.235,48608
221,2.245,48427
222,2.254,47661
223,2.263,48907
224,2.272,48674
225,2.281,47831
226,2.291,45029
227,2.300,46967
228,2.309,46961
229,2.318,46153
230,2.327,45896
231,2.336,47344
232,2.346,46234
233,2.355,45390
234,2.364,46720
235,2.373,46987
236,2.382,48125
237,2.392,45417
238,2.401,46722
239,2.410,46974
240,2.419,46982
241,2.428,46190
242,2.438,47887
243,2.447,45800
244,2.456,47916
245,2.465,46604
246,2.474,44990
247,2.483,45219
248,2.493,46805
249,2.502,45390
250,2.511,46876
251,2.520,46911
252,2.529,45720
253,2.539,47013
254,2.548,46313
255,2.557,45846
256,2.566,46069
257,2.575,46143
258,2.585,164235
259,2.594,45475
260,2.603,160196
261,2.612,45482
262,2.621,161619
263,2.631,45025
264,2.640,45946
265,2.649,44846
266,2.658,45600
267,2.667,44043
268,2.676,45192
269,2.686,44420
270,2.695,46925
271,2.704,163262
272,2.713,159112
273,2.722,46341
274,2.732,44887
275,2.741,44698
276,2.750,45679
277,2.759,44589
278,2.768,45492
279,2.778,44749
280,2.787,46456
281,2.796,45874
282,2.805,43812
283,2.814,43972
284,2.824,45275
285,2.833,45138
286,2.842,45403
287,2.851,45027
288,2.860,45394
289,2.869,44185
290,2.879,46179
291,2.888,44558
292,2.897,43910
293,2.906,44966
294,2.915,43474
295,2.925,45363
296,2.934,44792
297,2.943,43239
298,2.952,44394
299,2.961,45306
300,2.971,43766
301,2.980,44764
302,2.989,45047
303,2.998,44536
304,3.007,45737
305,3.016,159371
306,3.026,45333
307,3.035,44242
308,3.044,45530
309,3.053,44747
310,3.062,43555
311,3.072,44639
312,3.081,42987
313,3.090,45402
314,3.099,45634
315,3.108,45042
316,3.118,46040
317,3.127,46246
318,3.136,45012
319,3.145,46271
320,3.154,46895
321,3.164,46548
322,3.173,46050
323,3.182,47902
324,3.191,47237
325,3.200,46593
326,3.209,46576
327,3.219,46878
328,3.228,47577
329,3.237,47369
330,3.246,46978
331,3.255,48114
332,3.265,48553
333,3.274,47627
334,3.283,47664
335,3.292,49893
336,3.301,50200
337,3.311,47169
338,3.320,48383
339,3.329,48926
340,3.338,48621
341,3.347,50577
342,3.357,48611
343,3.366,50643
344,3.375,50179
345,3.384,49237
346,3.393,49987
347,3.402,49728
348,3.412,51091
349,3.421,50036
350,3.430,49638
351,3.439,50853
352,3.448,51280
353,3.458,50677
354,3.467,51833
355,3.476,51017
356,3.485,51224
357,3.494,50942
358,3.504,53065
359,3.513,51704
360,3.522,51439
361,3.531,52555
362,3.540,53975
363,3.549,53135
364,3.559,55521
365,3.568,53094
366,3.577,53840
367,3.586,53361
368,3.595,52807
369,3.605,53320
370,3.614,53956
371,3.623,52770
372,3.632,54049
373,3.641,54452
374,3.651,53594
375,3.660,56655
376,3.669,54420
377,3.678,54486
378,3.687,54700
379,3.697,55985
380,3.706,55015
381,3.715,55724
382,3.724,56174
383,3.733,55434
384,3.742,56748
385,3.752,56001
386,3.761,56099
387,3.770,56938
388,3.779,56148
389,3.788,57454
390,3.798,55656
391,3.807,57277
392,3.816,59348
393,3.825,58429
394,3.834,58267
395,3.844,57023
396,3.853,59672
397,3.862,58456
398,3.871,58273
399,3.880,59422
400,3.890,60241
401,3.899,57884
402,3.908,59076
403,3.917,59788
404,3.926,60368
405,3.935,59055
406,3.945,60543
407,3.954,59840
408,3.963,61178
409,3.972,60091
410,3.981,60533
411,3.991,60003
412,4.000,61681
413,4.009,60584
414,4.018,60955
415,4.027,60119
416,4.037,62456
417,4.046,62377
418,4.055,61229
419,4.064,61172
420,4.073,62823
421,4.082,60603
422,4.092,64040
423,4.101,61975
424,4.110,62228
425,4.119,64193
426,4.128,61974
427,4.138,63369
428,4.147,64371
429,4.156,63876
430,4.165,64191
431,4.174,64537
432,4.184,66905
433,4.193,64397
434,4.202,65950
435,4.211,64844
436,4.220,65260
437,4.230,65627
438,4.239,67199
439,4.248,64550
440,4.257,66423
441,4.266,66059
442,4.275,67040
443,4.285,67889
444,4.294,68480
445,4.303,67686
446,4.312,67128
447,4.321,68417
448,4.331,69488
449,4.340,68158
450,4.349,69021
451,4.358,69687
452,4.367,71005
453,4.377,69284
454,4.386,70285
455,4.395,69855
456,4.404,68481
457,4.413,70540
458,4.423,69101
459,4.432,70513
460,4.441,70564
461,4.450,71661
462,4.459,70763
463,4.468,72802
464,4.478,72081
465,4.487,72825
466,4.496,71302
467,4.505,73042
468,4.514,73388
469,4.524,72918
470,4.533,73469
471,4.542,73455
472,4.551,73445
473,4.560,73828
474,4.570,73106
475,4.579,74707
476,4.588,73699
477,4.597,75259
478,4.606,74346
479,4.616,74958
480,4.625,75288
481,4.634,78313
482,4.643,75458
483,4.652,76233
484,4.661,75520
485,4.671,76462
486,4.680,79009
487,4.689,77733
488,4.698,77786
489,4.707,76753
490,4.717,79629
491,4.726,77148
492,4.735,80535
493,4.744,79629
494,4.753,79413
495,4.763,81642
496,4.772,81344
497,4.781,79600
498,4.790,79124
499,4.799,80900
500,4.808,79271
501,4.818,81350
502,4.827,80985
503,4.836,80033
504,4.845,81663
505,4.854,80689
506,4.864,80820
507,4.873,82264
508,4.882,83169
509,4.891,82136
510,4.900,84248
511,4.910,83576
512,4.919,84148
513,4.928,84585
514,4.937,86498
515,4.946,85106
516,4.956,86432
517,4.965,85518
518,4.974,85905
519,4.983,84805
520,4.992,88500
521,5.001,85927
522,5.011,86719
523,5.020,86898
524,5.029,87565
525,5.038,85943
526,5.047,86255
527,5.057,87046
528,5.066,88360
529,5.075,89559
530,5.084,90077
531,5.093,89896
532,5.103,88047
533,5.112,87975
534,5.121,90420
535,5.130,89807
536,5.139,91424
537,5.149,90488
538,5.158,92305
539,5.167,92156
540,5.176,90492
541,5.185,90957
542,5.194,93354
543,5.204,94120
544,5.213,94524
545,5.222,93047
546,5.231,94982
547,5.240,95163
548,5.250,94055
549,5.259,94419
550,5.268,95983
551,5.277,97401
552,5.286,94109
553,5.296,95838
554,5.305,96847
555,5.314,95598
556,5.323,98562
557,5.332,98168
558,5.341,97183
559,5.351,99720
560,5.360,99770
561,5.369,97699
562,5.378,97503
563,5.387,98622
564,5.397,98373
565,5.406,100856
566,5.415,99759
567,5.424,99492
568,5.433,100715
569,5.443,102054
570,5.452,98642
571,5.461,100249
572,5.470,102880
573,5.479,102254
574,5.489,101389
575,5.498,101628
576,5.507,101634
577,5.516,103064
578,5.525,103172
579,5.534,104047
580,5.544,105865
581,5.553,103025
582,5.562,105043
583,5.571,104130
584,5.580,103318
585,5.590,107039
586,5.599,107178
587,5.608,105838
588,5.617,107747
589,5.626,107288
590,5.636,107398
591,5.645,108963
592,5.654,108791
593,5.663,107065
594,5.672,108434
595,5.682,108691
596,5.691,110494
597,5.700,108926
598,5.709,110468
599,5.718,110225
600,5.727,111632
601,5.737,108980
602,5.746,111084
603,5.755,112013
604,5.764,112264
605,5.773,111946
606,5.783,114126
607,5.792,112285
608,5.801,115126
609,5.810,111356
610,5.819,112555
611,5.829,114345
612,5.838,113454
613,5.847,112816
614,5.856,113558
615,5.865,115836
616,5.874,115262
617,5.884,116918
618,5.893,115806
619,5.902,114430
620,5.911,114633
621,5.920,112074
622,5.930,99979
623,5.939,75394
624,5.948,204900
625,5.957,321017
626,5.966,418027
627,5.976,32373
628,5.985,37871
629,5.994,40067
630,6.003,40945
631,6.012,45185
632,6.022,46311
633,6.031,900106
634,6.040,916449
635,6.049,938492
636,6.058,958239
637,6.067,977158
638,6.077,995156
639,6.086,1010293
640,6.095,1018097
641,6.104,1020214
642,6.113,1032960
643,6.123,1049780
644,6.132,1082867
645,6.141,1151335
646,6.150,1273244
647,6.159,1416126
648,6.169,1534506
649,6.178,1603148
650,6.187,1623733
651,6.196,1600981
652,6.205,1572648
653,6.215,1526023
654,6.224,1494277
655,6.233,1447123
656,6.242,1401519
657,6.251,1357948
658,6.260,1320846
659,6.270,1283250
660,6.279,1248166
661,6.288,1216158
662,6.297,1191793
663,6.306,1163833
664,6.316,1141892
665,6.325,1120574
666,6.334,1110190
667,6.343,1102105
668,6.352,1093763
669,6.362,1085248
670,6.371,1088053
671,6.380,1086426
672,6.389,1084660
673,6.398,580534
674,6.407,1095262
675,6.417,1100275
676,6.426,1091143
677,6.435,582345
678,6.444,587795
679,6.453,592706
680,6.463,598583
681,6.472,600639
682,6.481,600336
683,6.490,604734
684,6.499,601620
685,6.509,608107
686,6.518,603840
687,6.527,602147
688,6.536,606049
689,6.545,605507
690,6.555,607244
691,6.564,607688
692,6.573,601697
693,6.582,592622
694,6.591,583920
695,6.600,581588
696,6.610,571331
697,6.619,565771
698,6.628,550633
699,6.637,546361
700,6.646,534900
701,6.656,530428
702,6.665,519450
703,6.674,511524
704,6.683,501538
705,6.692,497176
706,6.702,482756
707,6.711,478559
708,6.720,472948
709,6.729,464766
710,6.738,455497
711,6.748,441317
712,6.757,435664
713,6.766,433556
714,6.775,422935
715,6.784,415062
716,6.793,413253
717,6.803,404737
718,6.812,399313
719,6.821,391612
720,6.830,387552
721,6.839,381871
722,6.849,376412
723,6.858,369181
724,6.867,360665
725,6.876,359535
726,6.885,348289
727,6.895,348432
728,6.904,343141
729,6.913,338298
730,6.922,332981
731,6.931,332020
732,6.940,328330
733,6.950,324445
734,6.959,318144
735,6.968,313981
736,6.977,314473
737,6.986,307948
738,6.996,304706
739,7.005,300576
740,7.014,296035
741,7.023,293176
742,7.032,289718
743,7.042,289974
744,7.051,286059
745,7.060,282892
746,7.069,278975
747,7.078,279522
748,7.088,278355
749,7.097,278328
750,7.106,271456
751,7.115,270423
752,7.124,267076
753,7.133,265824
754,7.143,263773
755,7.152,263163
756,7.161,260501
757,7.170,258404
758,7.179,256265
759,7.189,254666
760,7.198,252968
761,7.207,250339
762,7.216,252992
763,7.225,249762
764,7.235,248713
765,7.244,245236
766,7.253,246474
767,7.262,243369
768,7.271,241682
769,7.281,242719
770,7.290,238886
771,7.299,241079
772,7.308,238071
773,7.317,235588
774,7.326,238271
775,7.336,241552
776,7.345,234786
777,7.354,233432
778,7.363,234474
779,7.372,235142
780,7.382,232467
781,7.391,233183
782,7.400,231811
783,7.409,230526
784,7.418,231112
785,7.428,230157
786,7.437,227913
787,7.446,227377
788,7.455,229891
789,7.464,227852
790,7.473,229502
791,7.483,232012
792,7.492,228478
793,7.501,226087
794,7.510,228755
795,7.519,225933
796,7.529,225775
797,7.538,224765
798,7.547,227445
799,7.556,227870
800,7.565,224014
801,7.575,225465
802,7.584,228635
803,7.593,225098
804,7.602,227262
805,7.611,222303
806,7.621,225194
807,7.630,222882
808,7.639,222448
809,7.648,221148
810,7.657,221299
811,7.666,223937
812,7.676,226088
813,7.685,223738
814,7.694,223354
815,7.703,226415
816,7.712,221944
817,7.722,221817
818,7.731,225081
819,7.740,226204
820,7.749,223251
821,7.758,228423
822,7.768,234616
823,7.777,240204
824,7.786,244686
825,7.795,250998
826,7.804,260734
827,7.814,264308
828,7.823,273389
829,7.832,275197
830,7.841,277405
831,7.850,278941
832,7.859,283584
833,7.869,285828
834,7.878,283640
835,7.887,285965
836,7.896,289382
837,7.905,290370
838,7.915,291496
839,7.924,293440
840,7.933,296500
841,7.942,298859
842,7.951,290029
843,7.961,295354
844,7.970,299473
845,7.979,298705
846,7.988,296095
847,7.997,299063
848,8.007,299556
849,8.016,299308
850,8.025,300468
851,8.034,301600
852,8.043,301769
853,8.052,296459
854,8.062,301260
855,8.071,304668
856,8.080,303026
857,8.089,302501
858,8.098,305870
859,8.108,300875
860,8.117,305301
861,8.126,308308
862,8.135,312495
863,8.144,308912
864,8.154,309954
865,8.163,311586
866,8.172,311817
867,8.181,314633
868,8.190,312875
869,8.199,316133
870,8.209,314174
871,8.218,316021
872,8.227,316534
873,8.236,319542
874,8.245,317629
875,8.255,319511
876,8.264,315742
877,8.273,322641
878,8.282,318375
879,8.291,320753
880,8.301,323822
881,8.310,323388
882,8.319,323194
883,8.328,324044
884,8.337,329218
885,8.347,328978
886,8.356,330408
887,8.365,324760
888,8.374,325170
889,8.383,328055
890,8.392,335629
891,8.402,330647
892,8.411,335865
893,8.420,332665
894,8.429,327864
895,8.438,334527
896,8.448,334442
897,8.457,330056
898,8.466,334917
899,8.475,333824
900,8.484,335032
901,8.494,339480
902,8.503,339148
903,8.512,339075
904,8.521,343109
905,8.530,343172
906,8.540,340696
907,8.549,343416
908,8.558,347044
909,8.567,343767
910,8.576,345158
911,8.585,351758
912,8.595,350026
913,8.604,351190
914,8.613,349255
915,8.622,351745
916,8.631,352472
917,8.641,353942
918,8.650,356856
919,8.659,355408
920,8.668,357771
921,8.677,358366
922,8.687,357303
923,8.696,361055
924,8.705,360157
925,8.714,363827
926,8.723,362884
927,8.732,362056
928,8.742,363619
929,8.751,370290
930,8.760,367909
931,8.769,366204
932,8.778,371189
933,8.788,370968
934,8.797,369608
935,8.806,368762
936,8.815,373913
937,8.824,373676
938,8.834,378050
939,8.843,379813
940,8.852,378888
941,8.861,379733
942,8.870,379951
943,8.880,381099
944,8.889,384838
945,8.898,385426
946,8.907,390916
947,8.916,386920
948,8.925,388653
949,8.935,392623
950,8.944,391364
951,8.953,394226
952,8.962,395535
953,8.971,397423
954,8.981,398592
955,8.990,398651
956,8.999,401798
957,9.008,398806
958,9.017,401536
959,9.027,399182
960,9.036,402271
961,9.045,401812
962,9.054,407147
963,9.063,407580
964,9.073,407205
965,9.082,409028
966,9.091,411071
967,9.100,415731
968,9.109,414807
969,9.118,418515
970,9.128,420551
971,9.137,423853
972,9.146,419683
973,9.155,420580
974,9.164,421899
975,9.174,427329
976,9.183,421895
977,9.192,427511
978,9.201,430224
979,9.210,425708
980,9.220,425889
981,9.229,433824
982,9.238,432122
983,9.247,433844
984,9.256,432838
985,9.265,436733
986,9.275,437180
987,9.284,443755
988,9.293,445937
989,9.302,446557
990,9.311,443591
991,9.321,450077
992,9.330,448761
993,9.339,451771
994,9.348,453840
995,9.357,453659
996,9.367,457763
997,9.376,457035
998,9.385,459123
999,9.394,465347
1000,9.403,461782
1001,9.413,465414
1002,9.422,467590
1003,9.431,473265
1004,9.440,471165
1005,9.449,477207
1006,9.458,474404
1007,9.468,476886
1008,9.477,480967
1009,9.486,481115
1010,9.495,485866
1011,9.504,487838
1012,9.514,483858
1013,9.523,487052
1014,9.532,493597
1015,9.541,490887
1016,9.550,499245
1017,9.560,497809
1018,9.569,499463
1019,9.578,502264
1020,9.587,508076
1021,9.596,506793
1022,9.606,510972
1023,9.615,517131
1024,9.624,514035
1025,9.633,518511
1026,9.642,514423
1027,9.651,521793
1028,9.661,519524
1029,9.670,526497
1030,9.679,524959
1031,9.688,528151
1032,9.697,528194
1033,9.707,530422
1034,9.716,534917
1035,9.725,536349
1036,9.734,538002
1037,9.743,545216
1038,9.753,552946
1039,9.762,552560
1040,9.771,545784
1041,9.780,552747
1042,9.789,555827
1043,9.798,558043
1044,9.808,565300
1045,9.817,566512
1046,9.826,566876
1047,9.835,566604
1048,9.844,568082
1049,9.854,567657
1050,9.863,569728
1051,9.872,574883
1052,9.881,578388
1053,9.890,572917
1054,9.900,577277
1055,9.909,576640
1056,9.918,577595
1057,9.927,579765
1058,9.936,585427
1059,9.946,591549
1060,9.955,586591
1061,9.964,584295
1062,9.973,586407
1063,9.982,584061
1064,9.991,587075
1065,10.001,593099
1066,10.010,591746
1067,10.019,594934
1068,10.028,593331
1069,10.037,594705
1070,10.047,593977
1071,10.056,598355
1072,10.065,592914
1073,10.074,595674
1074,10.083,599589
1075,10.093,599006
1076,10.102,604803
1077,10.111,602722
1078,10.120,600461
1079,10.129,604630
1080,10.139,606099
1081,10.148,604399
1082,10.157,606777
1083,10.166,609664
1084,10.175,612533
1085,10.184,608534
1086,10.194,605552
1087,10.203,610634
1088,10.212,611021
1089,10.221,609323
1090,10.230,613474
1091,10.240,611627
1092,10.249,614485
1093,10.258,614285
1094,10.267,614271
1095,10.276,616736
1096,10.286,611328
1097,10.295,613570
1098,10.304,613799
1099,10.313,615939
1100,10.322,615241
1101,10.331,615605
1102,10.341,613846
1103,10.350,614650
1104,10.359,616986
1105,10.368,615372
1106,10.377,617945
1107,10.387,618767
1108,10.396,617444
1109,10.405,616024
1110,10.414,614509
1111,10.423,620202
1112,10.433,617011
1113,10.442,616047
1114,10.451,617901
1115,10.460,615278
1116,10.469,614223
1117,10.479,615107
1118,10.488,614549
1119,10.497,616994
1120,10.506,620001
1121,10.515,608911
1122,10.524,613199
1123,10.534,614053
1124,10.543,613293
1125,10.552,610863
1126,10.561,616776
1127,10.570,612114
1128,10.580,612063
1129,10.589,614832
1130,10.598,612475
1131,10.607,613707
1132,10.616,618108
1133,10.626,613652
1134,10.635,618959
1135,10.644,612346
1136,10.653,615747
1137,10.662,615827
1138,10.672,614684
1139,10.681,612341
1140,10.690,614635
1141,10.699,616437
1142,10.708,615658
1143,10.717,615227
1144,10.727,616991
1145,10.736,618709
1146,10.745,607948
1147,10.754,613484
1148,10.763,608435
1149,10.773,614396
1150,10.782,612815
1151,10.791,614834
1152,10.800,613620
1153,10.809,613554
1154,10.819,613816
1155,10.828,615965
1156,10.837,621594
1157,10.846,613707
1158,10.855,616849
1159,10.865,616158
1160,10.874,615087
1161,10.883,621453
1162,10.892,613356
1163,10.901,619396
1164,10.910,613640
1165,10.920,616903
1166,10.929,620534
1167,10.938,618031
1168,10.947,613506
1169,10.956,615092
1170,10.966,617638
1171,10.975,620949
1172,10.984,615997
1173,10.993,613920
1174,11.002,620288
1175,11.012,621737
1176,11.021,619206
1177,11.030,619411
1178,11.039,620337
1179,11.048,621126
1180,11.057,621936
1181,11.067,627916
1182,11.076,620897
1183,11.085,622720
1184,11.094,630720
1185,11.103,623778
1186,11.113,632555
1187,11.122,632960
1188,11.131,635181
1189,11.140,630753
1190,11.149,632119
1191,11.159,633054
1192,11.168,632699
1193,11.177,633553
1194,11.186,634893
1195,11.195,635952
1196,11.205,634557
1197,11.214,637700
1198,11.223,635834
1199,11.232,637539
1200,11.241,635465
1201,11.250,635542
1202,11.260,632754
1203,11.269,636335
1204,11.278,634615
1205,11.287,636672
1206,11.296,639186
1207,11.306,643393
1208,11.315,645269
1209,11.324,646271
1210,11.333,641886
1211,11.342,649560
1212,11.352,646190
1213,11.361,647217
1214,11.370,653174
1215,11.379,651033
1216,11.388,647660
1217,11.398,650069
1218,11.407,647640
1219,11.416,652712
1220,11.425,650924
1221,11.434,652170
1222,11.443,654118
1223,11.453,647297
1224,11.462,650350
1225,11.471,649290
1226,11.480,656846
1227,11.489,656281
1228,11.499,655814
1229,11.508,663738
1230,11.517,668297
1231,11.526,672251
1232,11.535,680584
1233,11.545,698351
1234,11.554,716062
1235,11.563,733107
1236,11.572,746872
1237,11.581,758591
1238,11.590,763135
1239,11.600,767419
1240,11.609,773828
1241,11.618,771222
1242,11.627,781903
1243,11.636,782549
1244,11.646,781882
1245,11.655,789181
1246,11.664,789839
1247,11.673,796682
1248,11.682,796485
1249,11.692,800308
1250,11.701,806813
1251,11.710,807704
1252,11.719,813425
1253,11.728,815337
1254,11.738,821746
1255,11.747,822922
1256,11.756,826319
1257,11.765,836811
1258,11.774,839771
1259,11.783,846828
1260,11.793,851312
1261,11.802,859746
1262,11.811,858261
1263,11.820,857510
1264,11.829,865023
1265,11.839,867598
1266,11.848,872624
1267,11.857,880771
1268,11.866,879710
1269,11.875,892937
1270,11.885,898711
1271,11.894,909696
1272,11.903,911515
1273,11.912,912262
1274,11.921,914667
1275,11.931,921970
1276,11.940,927122
1277,11.949,938518
1278,11.958,936769
1279,11.967,947109
1280,11.976,948829
1281,11.986,958335
1282,11.995,964609
1283,12.004,967247
1284,12.013,972159
1285,12.022,978444
1286,12.032,986065
1287,12.041,989139
1288,12.050,992674
1289,12.059,1003270
1290,12.068,1011616
1291,12.078,1025979
1292,12.087,1030349
1293,12.096,1038391
1294,12.105,1043996
1295,12.114,1054822
1296,12.123,1061886
1297,12.133,1067215
1298,12.142,1075479
1299,12.151,1084164
1300,12.160,1098798
1301,12.169,1104992
1302,12.179,1108005
1303,12.188,1112051
1304,12.197,1127524
1305,12.206,1134704
1306,12.215,1141982
1307,12.225,1149541
1308,12.234,1159427
1309,12.243,1165342
1310,12.252,1179088
1311,12.261,1183516
1312,12.271,1196828
1313,12.280,1215602
1314,12.289,1228391
1315,12.298,1242683
1316,12.307,1252633
1317,12.316,1268363
1318,12.326,1276924
1319,12.335,1284873
1320,12.344,1303087
1321,12.353,1309809
1322,12.362,1324548
1323,12.372,1339789
1324,12.381,1357643
1325,12.390,1366580
1326,12.399,1380172
1327,12.408,1390789
1328,12.418,1397064
1329,12.427,1418333
1330,12.436,1433072
1331,12.445,1444346
1332,12.454,1461637
1333,12.464,1477977
1334,12.473,1482440
1335,12.482,1496957
1336,12.491,1513087
1337,12.500,1523424
1338,12.509,1529959
1339,12.519,1534872
1340,12.528,1544474
1341,12.537,1546506
1342,12.546,1551168
1343,12.555,1559852
1344,12.565,1568104
1345,12.574,1569052
1346,12.583,1576317
1347,12.592,1581754
1348,12.601,1586231
1349,12.611,1573913
1350,12.620,1582457
1351,12.629,1583360
1352,12.638,1580910
1353,12.647,1590633
1354,12.656,1577297
1355,12.666,1567158
1356,12.675,1568370
1357,12.684,1561635
1358,12.693,1556450
1359,12.702,1542795
1360,12.712,1545673
1361,12.721,1532396
1362,12.730,1522507
1363,12.739,1503322
1364,12.748,1493742
1365,12.758,1492667
1366,12.767,1476576
1367,12.776,1467923
1368,12.785,1453697
1369,12.794,1446961
1370,12.804,1428695
1371,12.813,1415635
1372,12.822,1399397
1373,12.831,1380123
1374,12.840,1361294
1375,12.849,1341627
1376,12.859,1329383
1377,12.868,1321323
1378,12.877,1302797
1379,12.886,1288257
1380,12.895,1260718
1381,12.905,1242939
1382,12.914,1233120
1383,12.923,1207828
1384,12.932,1194663
1385,12.941,1174634
1386,12.951,1167198
1387,12.960,1148390
1388,12.969,1131365
1389,12.978,1115447
1390,12.987,1107465
1391,12.997,1090943
1392,13.006,1072593
1393,13.015,1061540
1394,13.024,1047749
1395,13.033,1037898
1396,13.042,1030760
1397,13.052,1020316
1398,13.061,1009637
1399,13.070,999192
1400,13.079,990293
1401,13.088,990742
1402,13.098,976478
1403,13.107,967483
1404,13.116,962102
1405,13.125,954817
1406,13.134,946000
1407,13.144,942387
1408,13.153,938041
1409,13.162,932195
1410,13.171,923298
1411,13.180,921133
1412,13.189,916998
1413,13.199,911434
1414,13.208,916389
1415,13.217,915908
1416,13.226,912034
1417,13.235,907187
1418,13.245,903975
1419,13.254,902644
1420,13.263,899896
1421,13.272,895477
1422,13.281,892166
1423,13.291,901210
1424,13.300,890633
1425,13.309,885561
1426,13.318,883895
1427,13.327,891420
1428,13.337,891773
1429,13.346,893707
1430,13.355,895165
1431,13.364,891823
1432,13.373,889608
1433,13.382,894224
1434,13.392,891444
1435,13.401,892185
1436,13.410,890750
1437,13.419,892473
1438,13.428,890720
1439,13.438,885913
1440,13.447,886289
1441,13.456,888386
1442,13.465,883829
1443,13.474,892804
1444,13.484,890258
1445,13.493,890230
1446,13.502,890918
1447,13.511,883667
1448,13.520,882724
1449,13.530,884053
1450,13.539,887023
1451,13.548,891172
1452,13.557,885289
1453,13.566,889000
1454,13.575,890535
1455,13.585,892296
1456,13.594,886952
1457,13.603,894184
1458,13.612,886129
1459,13.621,878297
1460,13.631,882766
1461,13.640,882956
1462,13.649,881047
1463,13.658,877776
1464,13.667,885190
1465,13.677,875578
1466,13.686,877148
1467,13.695,876035
1468,13.704,879331
1469,13.713,874064
1470,13.722,878775
1471,13.732,880423
1472,13.741,875220
1473,13.750,866091
1474,13.759,871054
1475,13.768,869653
1476,13.778,872391
1477,13.787,869954
1478,13.796,870484
1479,13.805,868063
1480,13.814,868787
1481,13.824,869039
1482,13.833,871723
1483,13.842,870573
1484,13.851,870711
1485,13.860,876359
1486,13.870,871115
1487,13.879,870001
1488,13.888,872390
1489,13.897,873758
1490,13.906,872596
1491,13.915,871525
1492,13.925,881692
1493,13.934,880296
1494,13.943,873635
1495,13.952,886586
1496,13.961,884599
1497,13.971,890000
1498,13.980,892916
1499,13.989,886005
1500,13.998,887226
1501,14.007,879548
1502,14.017,885031
1503,14.026,884013
1504,14.035,886040
1505,14.044,893907
1506,14.053,900283
1507,14.063,893206
1508,14.072,898346
1509,14.081,896122
1510,14.090,897867
1511,14.099,893024
1512,14.108,893297
1513,14.118,893076
1514,14.127,901071
1515,14.136,902545
1516,14.145,902790
1517,14.154,900945
1518,14.164,892996
1519,14.173,899096
1520,14.182,904163
1521,14.191,901209
1522,14.200,901456
1523,14.210,900449
1524,14.219,895593
1525,14.228,891028
1526,14.237,887800
1527,14.246,886482
1528,14.256,896171
1529,14.265,891999
1530,14.274,892152
1531,14.283,890075
1532,14.292,892950
1533,14.301,890707
1534,14.311,887314
1535,14.320,889669
1536,14.329,890439
1537,14.338,888531
1538,14.347,885764
1539,14.357,894077
1540,14.366,894859
1541,14.375,900754
1542,14.384,897955
1543,14.393,893240
1544,14.403,887295
1545,14.412,897394
1546,14.421,892878
1547,14.430,884804
1548,14.439,888853
1549,14.448,893392
1550,14.458,895419
1551,14.467,890513
1552,14.476,888710
1553,14.485,887278
1554,14.494,892900
1555,14.504,889306
1556,14.513,888948
1557,14.522,881412
1558,14.531,886316
1559,14.540,891745
1560,14.550,886642
1561,14.559,888124
1562,14.568,890659
1563,14.577,894150
1564,14.586,899735
1565,14.596,898865
1566,14.605,895769
1567,14.614,893446
1568,14.623,893611
1569,14.632,893594
1570,14.641,890103
1571,14.651,901032
1572,14.660,899374
1573,14.669,901740
1574,14.678,905342
1575,14.687,902678
1576,14.697,893433
1577,14.706,893839
1578,14.715,903097
1579,14.724,901287
1580,14.733,906579
1581,14.743,907565
1582,14.752,907985
1583,14.761,912856
1584,14.770,905425
1585,14.779,919313
1586,14.789,924853
1587,14.798,934359
1588,14.807,928267
1589,14.816,932081
1590,14.825,935760
1591,14.834,942503
1592,14.844,939747
1593,14.853,955568
1594,14.862,966466
1595,14.871,966561
1596,14.880,979238
1597,14.890,972235
1598,14.899,976846
1599,14.908,974915
1600,14.917,987811
1601,14.926,995904
1602,14.936,998290
1603,14.945,1012462
1604,14.954,1022234
1605,14.963,1030671
1606,14.972,1025699
1607,14.981,1032248
1608,14.991,1047780
1609,15.000,1045740
1610,15.009,1056058
1611,15.018,1058006
1612,15.027,1060121
1613,15.037,1062056
1614,15.046,1068474
1615,15.055,1071737
1616,15.064,1066775
1617,15.073,1068505
1618,15.083,1066635
1619,15.092,1067198
1620,15.101,1064856
1621,15.110,1066065
1622,15.119,1057883
1623,15.129,1047138
1624,15.138,1041570
1625,15.147,1050548
1626,15.156,1040861
1627,15.165,1029657
1628,15.174,1031035
1629,15.184,1032614
1630,15.193,1014650
1631,15.202,1015982
1632,15.211,1013565
1633,15.220,1015399
1634,15.230,1002016
1635,15.239,1003656
1636,15.248,988237
1637,15.257,986815
1638,15.266,986022
1639,15.276,986396
1640,15.285,979875
1641,15.294,972774
1642,15.303,977198
1643,15.312,971164
1644,15.322,976192
1645,15.331,980294
1646,15.340,976657
1647,15.349,983506
1648,15.358,970466
1649,15.367,976846
1650,15.377,990423
1651,15.386,987845
1652,15.395,986048
1653,15.404,987088
1654,15.413,985005
1655,15.423,978261
1656,15.432,988289
1657,15.441,996520
1658,15.450,1003862
1659,15.459,1002607
1660,15.469,1003100
1661,15.478,1005024
1662,15.487,1015232
1663,15.496,1022972
1664,15.505,1034719
1665,15.514,1031362
1666,15.524,1028189
1667,15.533,1034557
1668,15.542,1032248
1669,15.551,1041447
1670,15.560,1042505
1671,15.570,1034160
1672,15.579,1041993
1673,15.588,1040310
1674,15.597,1041022
1675,15.606,1039211
1676,15.616,1033226
1677,15.625,1033832
1678,15.634,1041934
1679,15.643,1043570
1680,15.652,1044538
1681,15.662,1054006
1682,15.671,1058098
1683,15.680,1065204
1684,15.689,1075998
1685,15.698,1088154
1686,15.707,1104368
1687,15.717,1123482
1688,15.726,1143005
1689,15.735,1151427
1690,15.744,1162856
1691,15.753,1188711
1692,15.763,1214591
1693,15.772,1227370
1694,15.781,1238701
1695,15.790,1253997
1696,15.799,1261449
1697,15.809,1271903
1698,15.818,1293188
1699,15.827,1303367
1700,15.836,1321629
1701,15.845,1319660
1702,15.855,1334103
1703,15.864,1347195
1704,15.873,1350696
1705,15.882,1360107
1706,15.891,1368982
1707,15.900,1369597
1708,15.910,1385156
1709,15.919,1392919
1710,15.928,1398667
1711,15.937,1407227
1712,15.946,1416161
1713,15.956,1430739
1714,15.965,1442706
1715,15.974,1454307
1716,15.983,1475752
1717,15.992,1491610
1718,16.002,1499969
1719,16.011,1514679
1720,16.020,1519786
1721,16.029,1530764
1722,16.038,1530413
1723,16.047,1539920
1724,16.057,1545865
1725,16.066,1558937
1726,16.075,1561259
1727,16.084,1575705
1728,16.093,1584702
1729,16.103,1601900
1730,16.112,1626136
1731,16.121,1647685
1732,16.130,1670892
1733,16.139,1701347
1734,16.149,1724303
1735,16.158,1748455
1736,16.167,1777621
1737,16.176,1806168
1738,16.185,1831136
1739,16.195,1854428
1740,16.204,1873093
1741,16.213,1890366
1742,16.222,1910129
1743,16.231,1954493
1744,16.240,1941269
1745,16.250,1939141
1746,16.259,1951096
1747,16.268,1943406
1748,16.277,1934080
1749,16.286,1918929
1750,16.296,1890747
1751,16.305,1871762
1752,16.314,1858998
1753,16.323,1828220
1754,16.332,1796945
1755,16.342,1770782
1756,16.351,1757770
1757,16.360,1727473
1758,16.369,1707180
1759,16.378,1688648
1760,16.388,1669767
1761,16.397,1652889
1762,16.406,1633175
1763,16.415,1627042
1764,16.424,1604475
1765,16.433,1589488
1766,16.443,1583397
1767,16.452,1570489
1768,16.461,1559832
1769,16.470,1555740
1770,16.479,1544646
1771,16.489,1540372
1772,16.498,1537736
1773,16.507,1537919
1774,16.516,1530612
1775,16.525,1535492
1776,16.535,1537237
1777,16.544,1542729
1778,16.553,1539286
1779,16.562,1549514
1780,16.571,1557003
1781,16.580,1565986
1782,16.590,1566745
1783,16.599,1571645
1784,16.608,1589311
1785,16.617,1596158
1786,16.626,1581155
1787,16.636,1579282
1788,16.645,1573801
1789,16.654,1571362
1790,16.663,1568359
1791,16.672,1568768
1792,16.682,1556207
1793,16.691,1540409
1794,16.700,1526949
1795,16.709,1524628
1796,16.718,1521862
1797,16.728,1521394
1798,16.737,1513436
1799,16.746,1509150
1800,16.755,1505696
1801,16.764,1498382
1802,16.773,1490104
1803,16.783,1490602
1804,16.792,1484743
1805,16.801,1480803
1806,16.810,1471229
1807,16.819,1463073
1808,16.829,1470884
1809,16.838,1463745
1810,16.847,1461191
1811,16.856,1456160
1812,16.865,1445011
1813,16.875,1456714
1814,16.884,1460825
1815,16.893,1460570
1816,16.902,1465392
1817,16.911,1481821
1818,16.921,1491721
1819,16.930,1505078
1820,16.939,1518361
1821,16.948,1531071
1822,16.957,1550953
1823,16.966,1552122
1824,16.976,1574437
1825,16.985,1591854
1826,16.994,1606860
1827,17.003,1625954
1828,17.012,1622466
1829,17.022,1636236
1830,17.031,1654260
1831,17.040,1659097
1832,17.049,1679501
1833,17.058,1689752
1834,17.068,1707573
1835,17.077,1732689
1836,17.086,1747320
1837,17.095,1746870
1838,17.104,1770579
1839,17.113,1784318
1840,17.123,1800431
1841,17.132,1813428
1842,17.141,1839517
1843,17.150,1848296
1844,17.159,1884229
1845,17.169,1904096
1846,17.178,1934306
1847,17.187,1963664
1848,17.196,1981295
1849,17.205,2031985
1850,17.215,2068647
1851,17.224,2095466
1852,17.233,2134159
1853,17.242,2163302
1854,17.251,2195209
1855,17.261,2246754
1856,17.270,2274678
1857,17.279,2303620
1858,17.288,2314046
1859,17.297,2339505
1860,17.306,2365692
1861,17.316,2380553
1862,17.325,2393347
1863,17.334,2415110
1864,17.343,2421383
1865,17.352,2421102
1866,17.362,2428706
1867,17.371,2440635
1868,17.380,2429984
1869,17.389,2424592
1870,17.398,2414167
1871,17.408,2395533
1872,17.417,2361723
1873,17.426,2359485
1874,17.435,2343404
1875,17.444,2323980
1876,17.454,2300987
1877,17.463,2299735
1878,17.472,2280647
1879,17.481,2260778
1880,17.490,2251443
1881,17.499,2246783
1882,17.509,2240962
1883,17.518,2232053
1884,17.527,2245016
1885,17.536,2227738
1886,17.545,2227847
1887,17.555,2260103
1888,17.564,2264840
1889,17.573,2263708
1890,17.582,2288859
1891,17.591,2306247
1892,17.601,2317910
1893,17.610,2359161
1894,17.619,2374129
1895,17.628,2393956
1896,17.637,2407649
1897,17.647,2423579
1898,17.656,2451053
1899,17.665,2492300
1900,17.674,2510990
1901,17.683,2550115
1902,17.692,2600831
1903,17.702,2642086
1904,17.711,2696529
1905,17.720,2739189
1906,17.729,2755959
1907,17.738,2789752
1908,17.748,2786446
1909,17.757,2771803
1910,17.766,2747434
1911,17.775,2713369
1912,17.784,2656336
1913,17.794,2617845
1914,17.803,2551535
1915,17.812,2501919
1916,17.821,2464109
1917,17.830,2427246
1918,17.839,2383922
1919,17.849,2330472
1920,17.858,2295951
1921,17.867,2276037
1922,17.876,2250672
1923,17.885,2234751
1924,17.895,2239134
1925,17.904,2246667
1926,17.913,2241609
1927,17.922,2248382
1928,17.931,2264726
1929,17.941,2256414
1930,17.950,2266959
1931,17.959,2259806
1932,17.968,2258077
1933,17.977,2235299
1934,17.987,2194906
1935,17.996,2168836
1936,18.005,2149285
1937,18.014,2119853
1938,18.023,2109899
1939,18.032,2088499
1940,18.042,2075835
1941,18.051,2081856
1942,18.060,2079441
1943,18.069,2080797
1944,18.078,2065623
1945,18.088,2066289
1946,18.097,2058499
1947,18.106,2027455
1948,18.115,2035875
1949,18.124,2033888
1950,18.134,2022960
1951,18.143,2020581
1952,18.152,2033743
1953,18.161,2039254
1954,18.170,2043118
1955,18.180,2048488
1956,18.189,2063767
1957,18.198,2086049
1958,18.207,2120370
1959,18.216,2146749
1960,18.225,2193955
1961,18.235,2223944
1962,18.244,2262927
1963,18.253,2324359
1964,18.262,2374277
1965,18.271,2414437
1966,18.281,2443550
1967,18.290,2492120
1968,18.299,2543696
1969,18.308,2583565
1970,18.317,2633981
1971,18.327,2676466
1972,18.336,2692930
1973,18.345,2717391
1974,18.354,2779676
1975,18.363,2797312
1976,18.372,2828223
1977,18.382,2879450
1978,18.391,2953840
1979,18.400,3035697
1980,18.409,3147164
1981,18.418,3265734
1982,18.428,3409071
1983,18.437,3504730
1984,18.446,3641406
1985,18.455,3662664
1986,18.464,3678043
1987,18.474,3732456
1988,18.483,3675614
1989,18.492,3652865
1990,18.501,3737939
1991,18.510,3681580
1992,18.520,3743681
1993,18.529,3732650
1994,18.538,3754703
1995,18.547,3819484
1996,18.556,4005596
1997,18.565,4106879
1998,18.575,4180250
1999,18.584,4310068
2000,18.593,4423576
2001,18.602,4568898
2002,18.611,4622963
2003,18.621,4577422
2004,18.630,4568915
2005,18.639,4583116
2006,18.648,4478696
2007,18.657,4381887
2008,18.667,4337342
2009,18.676,4180893
2010,18.685,4100984
2011,18.694,4010042
2012,18.703,3999290
2013,18.713,3895483
2014,18.722,3866809
2015,18.731,3822920
2016,18.740,3760082
2017,18.749,3732949
2018,18.758,3669340
2019,18.768,3629033
2020,18.777,3622326
2021,18.786,3598577
2022,18.795,3578034
2023,18.804,3575642
2024,18.814,3550650
2025,18.823,3530594
2026,18.832,3522509
2027,18.841,3523445
2028,18.850,3535425
2029,18.860,3540494
2030,18.869,3520564
2031,18.878,3508721
2032,18.887,3478739
2033,18.896,3477936
2034,18.905,3472729
2035,18.915,3457581
2036,18.924,3435161
2037,18.933,3449933
2038,18.942,3482665
2039,18.951,3497518
2040,18.961,3520219
2041,18.970,3556868
2042,18.979,3590741
2043,18.988,3634845
2044,18.997,3649648
2045,19.007,3663901
2046,19.016,3692452
2047,19.025,3688224
2048,19.034,3686957
2049,19.043,3695938
2050,19.053,3699510
2051,19.062,3714878
2052,19.071,3695015
2053,19.080,3678009
2054,19.089,3610092
2055,19.098,3584810
2056,19.108,3552749
2057,19.117,3566293
2058,19.126,3466688
2059,19.135,3413280
2060,19.144,3354930
2061,19.154,3295394
2062,19.163,3260361
2063,19.172,3179548
2064,19.181,3164444
2065,19.190,3183558
2066,19.200,3093616
2067,19.209,3046354
2068,19.218,3027286
2069,19.227,3021224
2070,19.236,2998100
2071,19.246,2993450
2072,19.255,2985395
2073,19.264,2973456
2074,19.273,2968230
2075,19.282,2950835
2076,19.291,2923941
2077,19.301,2904050
2078,19.310,2899411
2079,19.319,2893591
2080,19.328,2868309
2081,19.337,2859101
2082,19.347,2863111
2083,19.356,2870540
2084,19.365,2878742
2085,19.374,2890611
2086,19.383,2908784
2087,19.393,2956683
2088,19.402,2997952
2089,19.411,3025698
2090,19.420,3070845
2091,19.429,3155468
2092,19.438,3210563
2093,19.448,3292530
2094,19.457,3381225
2095,19.466,3404975
2096,19.475,3413857
2097,19.484,3410991
2098,19.494,3420725
2099,19.503,3422202
2100,19.512,3464177
2101,19.521,3542761
2102,19.530,3544821
2103,19.540,3564530
2104,19.549,3602571
2105,19.558,3640387
2106,19.567,3699944
2107,19.576,3755130
2108,19.586,3840629
2109,19.595,3922396
2110,19.604,4013777
2111,19.613,4136460
2112,19.622,4278673
2113,19.631,4393673
2114,19.641,4531307
2115,19.650,4633336
2116,19.659,4717625
2117,19.668,4826632
2118,19.677,5003342
2119,19.687,5075464
2120,19.696,5248909
2121,19.705,5454030
2122,19.714,5551277
2123,19.723,5678353
2124,19.733,5828871
2125,19.742,5898605
2126,19.751,5926016
2127,19.760,6000095
2128,19.769,6024638
2129,19.779,6027021
2130,19.788,6093371
2131,19.797,6131585
2132,19.806,6060786
2133,19.815,6059786
2134,19.824,5958827
2135,19.834,5824701
2136,19.843,5603174
2137,19.852,5459042
2138,19.861,5389589
2139,19.870,5226347
2140,19.880,5107453
2141,19.889,5044732
2142,19.898,5004060
2143,19.907,5001656
2144,19.916,4889142
2145,19.926,4801840
2146,19.935,4773034
2147,19.944,4730976
2148,19.953,4790119
2149,19.962,4874989
2150,19.971,4976363
2151,19.981,5083262
2152,19.990,5197966
2153,19.999,5244734
2154,20.008,5188576
2155,20.017,5259341
2156,20.027,5206496
2157,20.036,5200296
2158,20.045,5251103
2159,20.054,5282891
2160,20.063,5297653
2161,20.073,5414431
2162,20.082,5459114
2163,20.091,5474762
2164,20.100,5531114
2165,20.109,5460502
2166,20.119,5381765
2167,20.128,5320414
2168,20.137,5228387
2169,20.146,5145653
2170,20.155,5061901
2171,20.164,4989112
2172,20.174,4878946
2173,20.183,4760782
2174,20.192,4659206
2175,20.201,4528888
2176,20.210,4417061
2177,20.220,4353714
2178,20.229,4316317
2179,20.238,4270375
2180,20.247,4239815
2181,20.256,4224825
2182,20.266,4207796
2183,20.275,4264545
2184,20.284,4289743
2185,20.293,4332980
2186,20.302,4346040
2187,20.312,4310317
2188,20.321,4323657
2189,20.330,4307511
2190,20.339,4279058
2191,20.348,4269633
2192,20.357,4264719
2193,20.367,4244177
2194,20.376,4163817
2195,20.385,4101771
2196,20.394,4063072
2197,20.403,4060705
2198,20.413,4039989
2199,20.422,4062387
2200,20.431,4074184
2201,20.440,4141593
2202,20.449,4269185
2203,20.459,4459317
2204,20.468,4696732
2205,20.477,5012334
2206,20.486,5358734
2207,20.495,5649807
2208,20.505,5825066
2209,20.514,5980322
2210,20.523,5993064
2211,20.532,6051481
2212,20.541,6051639
2213,20.550,6105902
2214,20.560,6286643
2215,20.569,6360352
2216,20.578,6646037
2217,20.587,6795080
2218,20.596,7012580
2219,20.606,7247604
2220,20.615,7466594
2221,20.624,7637179
2222,20.633,7840936
2223,20.642,7978017
2224,20.652,8049920
2225,20.661,8003548
2226,20.670,8018378
2227,20.679,8026956
2228,20.688,7998859
2229,20.697,8066769
2230,20.707,8064262
2231,20.716,8094263
2232,20.725,8279687
2233,20.734,8542473
2234,20.743,8818169
2235,20.753,9064615
2236,20.762,9235412
2237,20.771,9411931
2238,20.780,9389403
2239,20.789,9256232
2240,20.799,9132334
2241,20.808,8959481
2242,20.817,8815209
2243,20.826,8668812
2244,20.835,8501693
2245,20.845,8389152
2246,20.854,8352931
2247,20.863,8451888
2248,20.872,8429194
2249,20.881,8322736
2250,20.890,8259261
2251,20.900,8036873
2252,20.909,7834770
2253,20.918,7631676
2254,20.927,7377946
2255,20.936,7035921
2256,20.946,6813341
2257,20.955,6595279
2258,20.964,6391185
2259,20.973,6273580
2260,20.982,6104393
2261,20.992,6027342
2262,21.001,6035908
2263,21.010,6050539
2264,21.019,6068104
2265,21.028,6075512
2266,21.038,6097999
2267,21.047,6021731
2268,21.056,6026451
2269,21.065,5999063
2270,21.074,5949648
2271,21.083,5925251
2272,21.093,5817912
2273,21.102,5771151
2274,21.111,5669638
2275,21.120,5640891
2276,21.129,5733725
2277,21.139,5936286
2278,21.148,6172770
2279,21.157,6431754
2280,21.166,6838558
2281,21.175,7212051
2282,21.185,7728598
2283,21.194,8111571
2284,21.203,8485037
2285,21.212,8765128
2286,21.221,8909457
2287,21.230,9000543
2288,21.240,9011544
2289,21.249,8854554
2290,21.258,8789907
2291,21.267,8826556
2292,21.276,8873354
2293,21.286,8935201
2294,21.295,9007921
2295,21.304,9013963
2296,21.313,8965412
2297,21.322,8912352
2298,21.332,8887650
2299,21.341,8927712
2300,21.350,8958622
2301,21.359,9187775
2302,21.368,9406103
2303,21.378,9636587
2304,21.387,9715117
2305,21.396,9698283
2306,21.405,9643296
2307,21.414,9513424
2308,21.423,9283237
2309,21.433,8997714
2310,21.442,8811756
2311,21.451,8737071
2312,21.460,8664961
2313,21.469,8702183
2314,21.479,8743357
2315,21.488,8831412
2316,21.497,9058870
2317,21.506,9274777
2318,21.515,9490349
2319,21.525,9721290
2320,21.534,9881852
2321,21.543,9829493
2322,21.552,9772935
2323,21.561,9603068
2324,21.571,9536257
2325,21.580,9505435
2326,21.589,9520117
2327,21.598,9633660
2328,21.607,9721412
2329,21.616,9719293
2330,21.626,9740284
2331,21.635,9753777
2332,21.644,9818035
2333,21.653,10143383
2334,21.662,10693733
2335,21.672,11292363
2336,21.681,11984416
2337,21.690,12887318
2338,21.699,13977483
2339,21.708,15134409
2340,21.718,16345188
2341,21.727,17272700
2342,21.736,17806784
2343,21.745,17754880
2344,21.754,17200904
2345,21.763,16107531
2346,21.773,14794083
2347,21.782,13300753
2348,21.791,12090527
2349,21.800,11219492
2350,21.809,10561466
2351,21.819,10128811
2352,21.828,9975548
2353,21.837,10081337
2354,21.846,10394470
2355,21.855,10792464
2356,21.865,11321767
2357,21.874,11994070
2358,21.883,12891908
2359,21.892,14007541
2360,21.901,14951902
2361,21.911,15490716
2362,21.920,15594171
2363,21.929,15151865
2364,21.938,14233381
2365,21.947,13309944
2366,21.956,12476803
2367,21.966,11825663
2368,21.975,11567139
2369,21.984,11614731
2370,21.993,11775622
2371,22.002,11896681
2372,22.012,11940201
2373,22.021,12026669
2374,22.030,12112328
2375,22.039,12364394
2376,22.048,12473634
2377,22.058,12497259
2378,22.067,12500169
2379,22.076,12541537
2380,22.085,12389068
2381,22.094,12167457
2382,22.104,11916038
2383,22.113,11647171
2384,22.122,11507415
2385,22.131,11601671
2386,22.140,12094157
2387,22.149,12799804
2388,22.159,13587978
2389,22.168,14394341
2390,22.177,14861639
2391,22.186,14814168
2392,22.195,14530165
2393,22.205,14090191
2394,22.214,13637534
2395,22.223,13312991
2396,22.232,13454865
2397,22.241,13751944
2398,22.251,14138154
2399,22.260,14563787
2400,22.269,14768097
2401,22.278,14726364
2402,22.287,14654214
2403,22.296,14629724
2404,22.306,14670840
2405,22.315,14614648
2406,22.324,14628612
2407,22.333,14808306
2408,22.342,15087257
2409,22.352,15740165
2410,22.361,16964722
2411,22.370,18964398
2412,22.379,21591162
2413,22.388,24013158
2414,22.398,25704886
2415,22.407,26075624
2416,22.416,24982132
2417,22.425,23034410
2418,22.434,20900724
2419,22.444,19079920
2420,22.453,17935636
2421,22.462,17548800
2422,22.471,17670152
2423,22.480,18064304
2424,22.489,18470338
2425,22.499,18857446
2426,22.508,19268202
2427,22.517,19893312
2428,22.526,20916318
2429,22.535,22291144
2430,22.545,23890478
2431,22.554,25764648
2432,22.563,27554812
2433,22.572,29101122
2434,22.581,30469114
2435,22.591,31401594
2436,22.600,31481020
2437,22.609,31362104
2438,22.618,30837766
2439,22.627,30178234
2440,22.637,29963096
2441,22.646,30197996
2442,22.655,30974464
2443,22.664,32397052
2444,22.673,34189540
2445,22.682,35825736
2446,22.692,36664444
2447,22.701,36934164
2448,22.710,36226740
2449,22.719,34787568
2450,22.728,33113510
2451,22.738,32061946
2452,22.747,32070882
2453,22.756,33127452
2454,22.765,34534392
2455,22.774,35712656
2456,22.784,36477284
2457,22.793,37013684
2458,22.802,37438784
2459,22.811,38331676
2460,22.820,39516276
2461,22.829,40817832
2462,22.839,41656888
2463,22.848,41924480
2464,22.857,41403528
2465,22.866,40196916
2466,22.875,38396116
2467,22.885,36698612
2468,22.894,35568500
2469,22.903,35582620
2470,22.912,35673052
2471,22.921,35626360
2472,22.931,35294216
2473,22.940,34980608
2474,22.949,35409628
2475,22.958,37280044
2476,22.967,39195336
2477,22.977,40892080
2478,22.986,41473900
2479,22.995,41075136
2480,23.004,39475896
2481,23.013,37416984
2482,23.022,34778912
2483,23.032,33370902
2484,23.041,33765828
2485,23.050,36072544
2486,23.059,38801884
2487,23.068,40824668
2488,23.078,41744968
2489,23.087,41801924
2490,23.096,40842768
2491,23.105,39750128
2492,23.114,38169308
2493,23.124,36921544
2494,23.133,35897748
2495,23.142,35275712
2496,23.151,35202508
2497,23.160,35666152
2498,23.170,36662224
2499,23.179,38321872
2500,23.188,39460044
2501,23.197,39961284
2502,23.206,39720040
2503,23.215,38793096
2504,23.225,37181512
2505,23.234,35629532
2506,23.243,34540648
2507,23.252,34135252
2508,23.261,34508256
2509,23.271,35372300
2510,23.280,36676344
2511,23.289,38219644
2512,23.298,39622624
2513,23.307,40744652
2514,23.317,41433216
2515,23.326,41678488
2516,23.335,41212872
2517,23.344,40360148
2518,23.353,39802144
2519,23.362,39604328
2520,23.372,39946476
2521,23.381,40129292
2522,23.390,40392976
2523,23.399,41133920
2524,23.408,42798112
2525,23.418,45724740
2526,23.427,49144904
2527,23.436,52373124
2528,23.445,54491100
2529,23.454,55424920
2530,23.464,55670336
2531,23.473,55780616
2532,23.482,55676800
2533,23.491,55754864
2534,23.500,55714972
2535,23.510,55578500
2536,23.519,55587448
2537,23.528,56061972
2538,23.537,56667672
2539,23.546,57130380
2540,23.555,57608664
2541,23.565,57561868
2542,23.574,57034344
2543,23.583,56159208
2544,23.592,54444184
2545,23.601,52115840
2546,23.611,49983312
2547,23.620,48730156
2548,23.629,48029400
2549,23.638,47971360
2550,23.647,48198708
2551,23.657,48510504
2552,23.666,49070912
2553,23.675,50351784
2554,23.684,52420388
2555,23.693,54168524
2556,23.703,55269892
2557,23.712,55137036
2558,23.721,54316288
2559,23.730,52973608
2560,23.739,50752348
2561,23.748,48456240
2562,23.758,47099220
2563,23.767,46241536
2564,23.776,45957648
2565,23.785,45972016
2566,23.794,45886236
2567,23.804,45698092
2568,23.813,45265656
2569,23.822,44926428
2570,23.831,44783728
2571,23.840,45063712
2572,23.850,45400412
2573,23.859,46094468
2574,23.868,46473944
2575,23.877,46575724
2576,23.886,46241836
2577,23.896,45438348
2578,23.905,44473392
2579,23.914,43746460
2580,23.923,42849736
2581,23.932,42092564
2582,23.941,41418812
2583,23.951,41116744
2584,23.960,41019620
2585,23.969,41764872
2586,23.978,42964148
2587,23.987,44438104
2588,23.997,45579444
2589,24.006,46107060
2590,24.015,46141744
2591,24.024,45769280
2592,24.033,45211984
2593,24.043,44780032
2594,24.052,44711900
2595,24.061,45067416
2596,24.070,45699008
2597,24.079,46727060
2598,24.088,48023404
2599,24.098,49389168
2600,24.107,51153532
2601,24.116,53313912
2602,24.125,55335396
2603,24.134,57181608
2604,24.144,57826208
2605,24.153,57765464
2606,24.162,56968192
2607,24.171,56055520
2608,24.180,55053152
2609,24.190,53483876
2610,24.199,52011500
2611,24.208,51182968
2612,24.217,50884200
2613,24.226,50845260
2614,24.236,50764188
2615,24.245,51041424
2616,24.254,51030896
2617,24.263,51077264
2618,24.272,51032308
2619,24.281,51058164
2620,24.291,50785928
2621,24.300,50441732
2622,24.309,50102376
2623,24.318,50110564
2624,24.327,50781568
2625,24.337,52016072
2626,24.346,53830764
2627,24.355,56040540
2628,24.364,57645828
2629,24.373,58953996
2630,24.383,59554532
2631,24.392,59547828
2632,24.401,59554752
2633,24.410,59292072
2634,24.419,59206180
2635,24.429,58744424
2636,24.438,58253616
2637,24.447,57672576
2638,24.456,57017040
2639,24.465,56377504
2640,24.474,56131012
2641,24.484,56398132
2642,24.493,57844012
2643,24.502,59592984
2644,24.511,60489660
2645,24.520,61060524
2646,24.530,60913828
2647,24.539,60827516
2648,24.548,60606264
2649,24.557,60359180
2650,24.566,59723488
2651,24.576,58804120
2652,24.585,57342876
2653,24.594,55651572
2654,24.603,54261596
2655,24.612,53234788
2656,24.621,52474516
2657,24.631,52352204
2658,24.640,52221488
2659,24.649,52335160
2660,24.658,53021196
2661,24.667,53886496
2662,24.677,54685936
2663,24.686,55193192
2664,24.695,55750132
2665,24.704,55780624
2666,24.713,55784816
2667,24.723,55627108
2668,24.732,55174036
2669,24.741,54805380
2670,24.750,54377292
2671,24.759,54044620
2672,24.769,53271560
2673,24.778,52738628
2674,24.787,51659684
2675,24.796,50843204
2676,24.805,50213236
2677,24.814,50043240
2678,24.824,50039968
2679,24.833,50055900
2680,24.842,49496188
2681,24.851,48624728
2682,24.860,47394688
2683,24.870,46547272
2684,24.879,46088360
2685,24.888,46778592
2686,24.897,48364892
2687,24.906,49479836
2688,24.916,50531492
2689,24.925,51056880
2690,24.934,51238668
2691,24.943,51375460
2692,24.952,51217596
2693,24.962,50931832
2694,24.971,50400416
2695,24.980,49400876
2696,24.989,48454228
2697,24.998,47862632
2698,25.007,47425096
2699,25.017,47663332
2700,25.026,48152252
2701,25.035,48918720
2702,25.044,49557880
2703,25.053,50552316
2704,25.063,51640276
2705,25.072,52106808
2706,25.081,52302260
2707,25.090,51793932
2708,25.099,50742428
2709,25.109,50053264
2710,25.118,50298804
2711,25.127,50997596
2712,25.136,52651656
2713,25.145,54049884
2714,25.154,54850200
2715,25.164,55146516
2716,25.173,55115292
2717,25.182,55140740
2718,25.191,55643864
2719,25.200,55970628
2720,25.210,55523420
2721,25.219,54455980
2722,25.228,53006148
2723,25.237,51001952
2724,25.246,49518388
2725,25.256,48667928
2726,25.265,48380112
2727,25.274,48810332
2728,25.283,49809788
2729,25.292,51401828
2730,25.302,53286444
2731,25.311,54839796
2732,25.320,55841796
2733,25.329,56612492
2734,25.338,56544116
2735,25.347,56079916
2736,25.357,55481176
2737,25.366,54304484
2738,25.375,53365624
2739,25.384,52964340
2740,25.393,53654416
2741,25.403,55463216
2742,25.412,57417808
2743,25.421,59261268
2744,25.430,60018084
2745,25.439,60130960
2746,25.449,60173456
2747,25.458,59812436
2748,25.467,59069680
2749,25.476,57759500
2750,25.485,55737260
2751,25.495,52845388
2752,25.504,50667396
2753,25.513,48899744
2754,25.522,47849348
2755,25.531,46823724
2756,25.540,46365544
2757,25.550,46150616
2758,25.559,46570332
2759,25.568,47270096
2760,25.577,47962656
2761,25.586,48716688
2762,25.596,49085740
2763,25.605,48881320
2764,25.614,48445260
2765,25.623,47891920
2766,25.632,47388968
2767,25.642,46760296
2768,25.651,46366060
2769,25.660,45712072
2770,25.669,45326868
2771,25.678,44945488
2772,25.687,44586884
2773,25.697,44338216
2774,25.706,44267560
2775,25.715,44504012
2776,25.724,45123080
2777,25.733,46248984
2778,25.743,48079304
2779,25.752,49975824
2780,25.761,52365152
2781,25.770,54466532
2782,25.779,55811084
2783,25.789,56511232
2784,25.798,56431520
2785,25.807,55720668
2786,25.816,54449452
2787,25.825,52736388
2788,25.835,51064608
2789,25.844,49771200
2790,25.853,49011536
2791,25.862,48672236
2792,25.871,48940088
2793,25.880,49690400
2794,25.890,50491056
2795,25.899,51134088
2796,25.908,51123428
2797,25.917,50511892
2798,25.926,49371180
2799,25.936,47925744
2800,25.945,46360392
2801,25.954,45319004
2802,25.963,44755032
2803,25.972,44601156
2804,25.982,44993232
2805,25.991,45681384
2806,26.000,46308588
2807,26.009,46810388
2808,26.018,46956244
2809,26.028,46502432
2810,26.037,45795220
2811,26.046,45196264
2812,26.055,45048428
2813,26.064,45576588
2814,26.073,46190648
2815,26.083,46510220
2816,26.092,46575744
2817,26.101,45720912
2818,26.110,44756952
2819,26.119,43534900
2820,26.129,42932876
2821,26.138,42742004
2822,26.147,43232012
2823,26.156,44197532
2824,26.165,45404920
2825,26.175,47073824
2826,26.184,48771276
2827,26.193,49942380
2828,26.202,50971956
2829,26.211,50869464
2830,26.220,50220608
2831,26.230,48617204
2832,26.239,46348124
2833,26.248,43862560
2834,26.257,41357800
2835,26.266,38509592
2836,26.276,36212756
2837,26.285,35049920
2838,26.294,35396688
2839,26.303,37012864
2840,26.312,39924340
2841,26.322,43218688
2842,26.331,45805992
2843,26.340,47272912
2844,26.349,47829344
2845,26.358,47473904
2846,26.368,46529000
2847,26.377,45834832
2848,26.386,45171756
2849,26.395,44601888
2850,26.404,43897464
2851,26.413,42836896
2852,26.423,41196216
2853,26.432,39722760
2854,26.441,38958684
2855,26.450,39166888
2856,26.459,39633188
2857,26.469,39724236
2858,26.478,39366700
2859,26.487,38399380
2860,26.496,36853100
2861,26.505,35474932
2862,26.515,34358900
2863,26.524,33752892
2864,26.533,33724560
2865,26.542,33824540
2866,26.551,33890032
2867,26.561,34169484
2868,26.570,34610944
2869,26.579,35379128
2870,26.588,36342980
2871,26.597,37769076
2872,26.606,39435392
2873,26.616,40898516
2874,26.625,41718656
2875,26.634,41998460
2876,26.643,41144368
2877,26.652,40059072
2878,26.662,38936756
2879,26.671,38418404
2880,26.680,38028436
2881,26.689,37822864
2882,26.698,37599172
2883,26.708,37451480
2884,26.717,37156812
2885,26.726,36897036
2886,26.735,36822920
2887,26.744,36677988
2888,26.753,37041824
2889,26.763,37217556
2890,26.772,37955312
2891,26.781,38750096
2892,26.790,39127936
2893,26.799,39675828
2894,26.809,39665052
2895,26.818,39343020
2896,26.827,38691948
2897,26.836,37934188
2898,26.845,37125224
2899,26.855,36388140
2900,26.864,35836912
2901,26.873,35202092
2902,26.882,34542624
2903,26.891,33990500
2904,26.901,33446250
2905,26.910,32927444
2906,26.919,32351834
2907,26.928,31851936
2908,26.937,31414298
2909,26.946,31460574
2910,26.956,31696302
2911,26.965,32196046
2912,26.974,33080084
2913,26.983,33515650
2914,26.992,33642524
2915,27.002,33666432
2916,27.011,34131180
2917,27.020,34494848
2918,27.029,34912228
2919,27.038,35348036
2920,27.048,35043304
2921,27.057,34322288
2922,27.066,33223912
2923,27.075,31873624
2924,27.084,30895612
2925,27.094,30448490
2926,27.103,30619366
2927,27.112,31029754
2928,27.121,31637372
2929,27.130,32079060
2930,27.139,31760188
2931,27.149,30931734
2932,27.158,29883806
2933,27.167,28767056
2934,27.176,27870988
2935,27.185,27417630
2936,27.195,27071072
2937,27.204,27267176
2938,27.213,27396142
2939,27.222,27766382
2940,27.231,28305270
2941,27.241,28596662
2942,27.250,28949318
2943,27.259,29032954
2944,27.268,29121942
2945,27.277,29076294
2946,27.287,28838578
2947,27.296,28546842
2948,27.305,27794346
2949,27.314,26954046
2950,27.323,26327314
2951,27.332,25621690
2952,27.342,25085184
2953,27.351,25132000
2954,27.360,25679174
2955,27.369,26352356
2956,27.378,27350972
2957,27.388,28638134
2958,27.397,30232898
2959,27.406,31322798
2960,27.415,32034818
2961,27.424,31704242
2962,27.434,30707916
2963,27.443,29767354
2964,27.452,28847776
2965,27.461,28332604
2966,27.470,27941884
2967,27.479,27319910
2968,27.489,26814712
2969,27.498,25916254
2970,27.507,24859800
2971,27.516,23758632
2972,27.525,22941470
2973,27.535,22123374
2974,27.544,21741868
2975,27.553,21810042
2976,27.562,21818534
2977,27.571,22233748
2978,27.581,22714626
2979,27.590,23343722
2980,27.599,23997396
2981,27.608,24738380
2982,27.617,25591640
2983,27.627,26543280
2984,27.636,27473140
2985,27.645,28144838
2986,27.654,28623264
2987,27.663,28759398
2988,27.672,28663280
2989,27.682,28423034
2990,27.691,28099768
2991,27.700,27969148
2992,27.709,27611534
2993,27.718,27482326
2994,27.728,27357818
2995,27.737,26916992
2996,27.746,26256444
2997,27.755,25379084
2998,27.764,24369792
2999,27.774,23314326
3000,27.783,22505644
3001,27.792,21823190
3002,27.801,21424596
3003,27.810,21286440
3004,27.820,21158552
3005,27.829,20936776
3006,27.838,20696210
3007,27.847,20541670
3008,27.856,20447610
3009,27.865,20437616
3010,27.875,20569326
3011,27.884,20522296
3012,27.893,20733576
3013,27.902,20726332
3014,27.911,20676054
3015,27.921,20806672
3016,27.930,20773030
3017,27.939,20679398
3018,27.948,20600882
3019,27.957,20460888
3020,27.967,20275772
3021,27.976,19818584
3022,27.985,19460896
