question,correct_answers,floating_point_value
0.00625 x 300 = ?,2;2e0,1.875
0.0029 x 0.99 = ?,0.0029;2.9e-3,0.002871
0.0091030 x 407.19 = ?,3.7067;3.7067e0,3.70665057
3237 x 20.122 = ?,6.513e4;6.513e4,65134.914
2.560 x 3 = ?,8;8e0,7.68
1.76 x 0.2 = ?,0.4;4e-1,0.35200000000000004
1.0000e-4 x 0.99 = ?,9.9e-5;9.9e-5,9.900000000000001e-05
0.002947 x 7 = ?,0.02;2e-2,0.020629
0.4 x 13.82 = ?,6;6e0,5.5280000000000005
35.6 x 0.05 = ?,2;2e0,1.7800000000000002
16.77 x 0.994 = ?,16.7;1.67e1,16.66938
0.00429 x 2.5451e-4 = ?,1.09e-6;1.09e-6,1.0918479000000002e-06
9.5e-4 x 280. = ?,0.27;2.7e-1,0.266
0.04 x 0.049 = ?,0.002;2e-3,0.00196
0.01931 x 280. = ?,5.41;5.41e0,5.4068000000000005
339 x 0.02 = ?,7;7e0,6.78
339.32 x 5e-4 = ?,0.2;2e-1,0.16966
3e-4 x 29.305 = ?,0.009;9e-3,0.008791499999999999
0.03 x 2.1 = ?,0.06;6e-2,0.063
4710 x 279.59 = ?,1.32e6;1.32e6,1316868.9
0.00910 x 863.6 = ?,7.86;7.86e0,7.85876
0.060 x 0.02317 = ?,0.0014;1.4e-3,0.0013901999999999999
339.32 x 0.0024 = ?,0.81;8.1e-1,0.8143679999999999
1.0e3 x 300 = ?,3e5;3e5,300000.0
0.013257 x 0.0075 = ?,9.9e-5;9.9e-5,9.942749999999999e-05
1.4563e-4 x 20.1 = ?,0.00293;2.93e-3,0.0029271630000000004
5.4287 x 9.49 = ?,51.5;5.15e1,51.518363
0.18 x 42.7 = ?,7.7;7.7e0,7.686
4.4984e-4 x 593 = ?,0.267;2.67e-1,0.26675512
0.013257 x 4 = ?,0.05;5e-2,0.053028
16.77 x 0.071563 = ?,1.200;1.200e0,1.20011151
2200 x 1831.7 = ?,4.0e6;4.0e6,4029740.0
6.6e-4 x 0.9944 = ?,6.6e-4;6.6e-4,0.0006563039999999999
5.4287 x 1.748e-4 = ?,9.489e-4;9.489e-4,0.0009489367599999999
51.79 x 3885 = ?,2.012e5;2.012e5,201204.15
3237.5 x 9.49 = ?,3.07e4;3.07e4,30723.875
4.4984e-4 x 0.68278 = ?,3.0714e-4;3.0714e-4,0.00030714175520000006
0.3 x 0.049139 = ?,0.01;1e-2,0.0147417
24.4 x 13.8 = ?,337;3.37e2,336.71999999999997
1500 x 280. = ?,4.2e5;4.2e5,420000.0
0.028 x 0.0051503 = ?,1.4e-4;1.4e-4,0.0001442084
0.006 x 13.82 = ?,0.08;8e-2,0.08292000000000001
0.09 x 2667.6 = ?,200;2e2,240.08399999999997
0.013257 x 130 = ?,1.7;1.7e0,1.7234099999999999
51.8 x 0.07 = ?,4;4e0,3.6260000000000003
0.83 x 407.19 = ?,340;3.4e2,337.9677
1050 x 14 = ?,1.5e4;1.5e4,14700.0
16.768 x 0.0011449 = ?,0.019198;1.9198e-2,0.0191976832
160 x 7 = ?,1000;1e3,1120.0
0.0091 x 0.033741 = ?,3.1e-4;3.1e-4,0.00030704310000000004
0.06 x 0.071563 = ?,0.004;4e-3,0.00429378
2.12e-4 x 300 = ?,0.06;6e-2,0.0636
0.041 x 9.4873 = ?,0.39;3.9e-1,0.3889793
0.18 x 20.122 = ?,3.6;3.6e0,3.6219599999999996
109.9 x 0.016 = ?,1.8;1.8e0,1.7584000000000002
233.00 x 100 = ?,2e4;2e4,23300.0
16.77 x 0.68278 = ?,11.45;1.145e1,11.4502206
0.028118 x 0.22105 = ?,0.0062155;6.2155e-3,0.0062154839
100 x 40 = ?,4000;4e3,4000.0
16.77 x 5.3981e-4 = ?,0.009053;9.053e-3,0.0090526137
1.758 x 1260 = ?,2220;2.22e3,2215.08
2000 x 2668 = ?,5e6;5e6,5336000.0
0.009103 x 593 = ?,5.40;5.40e0,5.398079
12 x 1 = ?,10;1e1,12.0
0.019307 x 0.4688 = ?,0.009051;9.051e-3,0.0090511216
0.4 x 0.015909 = ?,0.006;6e-3,0.0063636000000000005
0.040949 x 0.071563 = ?,0.0029304;2.9304e-3,0.002930433287
2.560 x 4e-4 = ?,0.001;1e-3,0.0010240000000000002
1526 x 1258 = ?,1.920e6;1.920e6,1919708.0
0.0029 x 400 = ?,1;1e0,1.16
0.00625 x 0.002428 = ?,1.52e-5;1.52e-5,1.5175000000000001e-05
0.18 x 0.0075007 = ?,0.0014;1.4e-3,0.0013501259999999999
7000 x 0.023 = ?,200;2e2,161.0
230 x 5e-4 = ?,0.1;1e-1,0.115
230 x 3 = ?,700;7e2,690.0
0.0042919 x 280. = ?,1.20;1.20e0,1.201732
0.57 x 5657.8 = ?,3200;3.2e3,3224.946
0.05964 x 0.008 = ?,5e-4;5e-4,0.00047712
1.000e-4 x 1.2e-4 = ?,1.2e-8;1.2e-8,1.2000000000000002e-08
1.0000e-4 x 13.82 = ?,0.001382;1.382e-3,0.0013820000000000002
0.0014 x 7.9e-4 = ?,1.1e-6;1.1e-6,1.106e-06
1.456e-4 x 0.9944 = ?,1.448e-4;1.448e-4,0.00014478463999999998
4710 x 0.10422 = ?,491;4.91e2,490.8762
1.76 x 8000 = ?,1e4;1e4,14080.0
11.51 x 62.2 = ?,716;7.16e2,715.922
9.5e-4 x 2e-4 = ?,2e-7;2e-7,1.9e-07
4710 x 2.109 = ?,9930;9.93e3,9933.39
0.1265 x 1257.7 = ?,159.1;1.591e2,159.09905
75.43 x 5.3981e-4 = ?,0.04072;4.072e-2,0.04071786830000001
1.76 x 5.3981e-4 = ?,9.50e-4;9.50e-4,0.0009500656000000001
3.1e-4 x 0.00167 = ?,5.2e-7;5.2e-7,5.177e-07
7.9 x 4.4731 = ?,35;3.5e1,35.337489999999995
0.040949 x 3 = ?,0.1;1e-1,0.122847
0.0063 x 0.15 = ?,9.4e-4;9.4e-4,0.000945
2.5595 x 0.01 = ?,0.03;3e-2,0.025595
719.69 x 29.30 = ?,2.109e4;2.109e4,21086.917
110 x 280 = ?,3.1e4;3.1e4,30800.0
0.02 x 1.20e4 = ?,200;2e2,240.0
0.002947 x 0.7 = ?,0.002;2e-3,0.0020629
700 x 1258 = ?,9e5;9e5,880600.0
2.1210e-4 x 5700 = ?,1.2;1.2e0,1.20897
0.028118 x 0.001667 = ?,4.687e-5;4.687e-5,4.6872706000000006e-05
4710 x 1e4 = ?,5e7;5e7,47100000.0
5.429 x 190 = ?,1.0e3;1.0e3,1031.51
0.001 x 0.469 = ?,5e-4;5e-4,0.00046899999999999996
339.3 x 593.0 = ?,2.012e5;2.012e5,201204.9
0.059636 x 1832 = ?,109.3;1.093e2,109.253152
8 x 20 = ?,200;2e2,160.0
3e-4 x 2668 = ?,0.8;8e-1,0.8003999999999999
1e-4 x 7.9e-4 = ?,8e-8;8e-8,7.9e-08
0.82864 x 0.22105 = ?,0.18317;1.8317e-1,0.183170872
0.040949 x 0.0109 = ?,4.46e-4;4.46e-4,0.0004463441
0.5690 x 192.0 = ?,109.2;1.092e2,109.24799999999999
6900 x 0.023 = ?,160;1.6e2,158.7
3.089e-4 x 0.0052 = ?,1.6e-6;1.6e-6,1.6062799999999998e-06
0.0133 x 407.2 = ?,5.42;5.42e0,5.41576
1530 x 3900 = ?,6.0e6;6.0e6,5967000.0
6.551e-4 x 2.5451e-4 = ?,1.667e-7;1.667e-7,1.66729501e-07
0.268 x 1.200e-4 = ?,3.22e-5;3.22e-5,3.2160000000000004e-05
4.498e-4 x 593.01 = ?,0.2667;2.667e-1,0.26673589799999997
3000 x 2.1090 = ?,6000;6e3,6327.0
3.0888e-4 x 5700 = ?,1.8;1.8e0,1.760616
35.56 x 2000 = ?,7e4;7e4,71120.0
0.0029471 x 132 = ?,0.389;3.89e-1,0.38901719999999995
0.05964 x 0.05 = ?,0.003;3e-3,0.0029820000000000003
0.0063 x 5700 = ?,36;3.6e1,35.910000000000004
339.32 x 0.0716 = ?,24.3;2.43e1,24.295312
9.5e-4 x 8000 = ?,8;8e0,7.6
0.8 x 864 = ?,700;7e2,691.2
0.02 x 0.001 = ?,2e-5;2e-5,2e-05
1.000e-4 x 1258 = ?,0.1258;1.258e-1,0.1258
0.060 x 10 = ?,0.6;6e-1,0.6
0.1 x 7.8615e-4 = ?,8e-5;8e-5,7.8615e-05
233 x 0.469 = ?,109;1.09e2,109.27699999999999
35.56 x 0.010924 = ?,0.3885;3.885e-1,0.38845744
160. x 2.5451e-4 = ?,0.0407;4.07e-2,0.0407216
0.004 x 62 = ?,0.2;2e-1,0.248
494.2 x 130 = ?,6.4e4;6.4e4,64246.0
4.4984e-4 x 191.98 = ?,0.086360;8.6360e-2,0.0863602832
230 x 860 = ?,2.0e5;2.0e5,197800.0
0.059636 x 0.10 = ?,0.0060;6.0e-3,0.0059636
0.3 x 2667.6 = ?,800;8e2,800.28
109.9 x 190 = ?,2.1e4;2.1e4,20881.0
2223.0 x 1.2e-4 = ?,0.27;2.7e-1,0.26676
12 x 0.1042 = ?,1.3;1.3e0,1.2504
0.569 x 0.99 = ?,0.56;5.6e-1,0.56331
719.7 x 0.005150 = ?,3.706;3.706e0,3.7064550000000005
300 x 0.2 = ?,60;6e1,60.0
4.498e-4 x 0.0232 = ?,1.04e-5;1.04e-5,1.0435359999999999e-05
10 x 0.049139 = ?,0.5;5e-1,0.49139
6.6e-4 x 100 = ?,0.07;7e-2,0.066
1530 x 20 = ?,3e4;3e4,30600.0
4.50e-4 x 0.00114 = ?,5.13e-7;5.13e-7,5.13e-07
6900 x 192.0 = ?,1.3e6;1.3e6,1324800.0
1048 x 0.04914 = ?,51.50;5.150e1,51.498720000000006
0.83 x 1300 = ?,1100;1.1e3,1079.0
7.9060 x 2670 = ?,2.11e4;2.11e4,21109.02
0.6 x 42.7 = ?,30;3e1,25.62
1.76 x 90.52 = ?,159;1.59e2,159.3152
339 x 29.30 = ?,9930;9.93e3,9932.7
0.05964 x 860 = ?,51;5.1e1,51.2904
1.0e-4 x 2.1 = ?,2.1e-4;2.1e-4,0.00021
9.5410e-4 x 60 = ?,0.06;6e-2,0.057246000000000005
35.56 x 0.104 = ?,3.70;3.70e0,3.69824
1048.1 x 7.86e-4 = ?,0.824;8.24e-1,0.8238065999999999
8 x 0.03374 = ?,0.3;3e-1,0.26992
110. x 0.0017 = ?,0.19;1.9e-1,0.187
0.00202 x 5.40e-4 = ?,1.09e-6;1.09e-6,1.0908e-06
6870 x 0.322 = ?,2210;2.21e3,2212.14
0.569 x 2700 = ?,1500;1.5e3,1536.3
3.7276 x 1830 = ?,6820;6.82e3,6821.508
700 x 4.47 = ?,3000;3e3,3129.0
0.0063 x 1.200e4 = ?,76;7.6e1,75.6
1e4 x 0.02 = ?,200;2e2,200.0
0.09 x 1.7e-4 = ?,2e-5;2e-5,1.53e-05
0.82864 x 0.023168 = ?,0.019198;1.9198e-2,0.019197931520000003
0.184 x 2.109 = ?,0.388;3.88e-1,0.388056
40 x 3.1 = ?,100;1e2,124.0
2 x 3880 = ?,8000;8e3,7760.0
0.126 x 60 = ?,8;8e0,7.5600000000000005
3.0888e-4 x 1.200e-4 = ?,3.707e-8;3.707e-8,3.70656e-08
1e4 x 0.023168 = ?,200;2e2,231.68
4.498e-4 x 100 = ?,0.04;4e-2,0.04498
0.18 x 2.11 = ?,0.38;3.8e-1,0.37979999999999997
0.2683 x 0.99 = ?,0.27;2.7e-1,0.265617
0.0281 x 90.5 = ?,2.54;2.54e0,2.54305
1.000e-4 x 1800 = ?,0.18;1.8e-1,0.18000000000000002
0.569 x 9.49 = ?,5.40;5.40e0,5.3998099999999996
3.1e-4 x 7.86e-4 = ?,2.4e-7;2.4e-7,2.4366e-07
7.9060 x 1260 = ?,9960;9.96e3,9961.56
233.00 x 407.2 = ?,9.488e4;9.488e4,94877.59999999999
339.32 x 0.0075007 = ?,2.5451;2.5451e0,2.545137524
0.0020 x 0.0024283 = ?,4.9e-6;4.9e-6,4.8566e-06
1.207 x 407.2 = ?,491.5;4.915e2,491.4904
0.56899 x 3.0715 = ?,1.7477;1.7477e0,1.7476527849999999
75.4 x 410 = ?,3.1e4;3.1e4,30914.000000000004
7.906 x 20 = ?,200;2e2,158.12
1.00e4 x 1.2e4 = ?,1.2e8;1.2e8,120000000.0
339 x 9.487 = ?,3220;3.22e3,3216.093
0.002024 x 8e-4 = ?,2e-6;2e-6,1.6192000000000003e-06
0.0020236 x 2670 = ?,5.40;5.40e0,5.4030119999999995
2000 x 0.011 = ?,20;2e1,22.0
0.39069 x 20.122 = ?,7.8615;7.8615e0,7.86146418
0.0013895 x 0.2210 = ?,3.071e-4;3.071e-4,0.0003070795
0.04 x 1.748e-4 = ?,7e-6;7e-6,6.992e-06
11.51 x 0.007501 = ?,0.08634;8.634e-2,0.08633650999999999
20 x 29 = ?,600;6e2,580.0
4700 x 0.46883 = ?,2200;2.2e3,2203.501
51.8 x 0.01591 = ?,0.824;8.24e-1,0.824138
719.7 x 5e-4 = ?,0.4;4e-1,0.35985
0.1842 x 0.1042 = ?,0.01919;1.919e-2,0.01919364
494.17 x 0.0035365 = ?,1.7476;1.7476e0,1.7476322050000002
0.5690 x 0.0337 = ?,0.0192;1.92e-2,0.0191753
75.43 x 200 = ?,2e4;2e4,15086.000000000002
0.019307 x 0.023 = ?,4.4e-4;4.4e-4,0.00044406100000000004
0.00625 x 0.016 = ?,1.0e-4;1.0e-4,0.0001
0.060 x 0.010924 = ?,6.6e-4;6.6e-4,0.00065544
3.7276 x 0.071563 = ?,0.26676;2.6676e-1,0.2667582388
7.906 x 20. = ?,160;1.6e2,158.12
4.498e-4 x 1.2000e4 = ?,5.398;5.398e0,5.3976
100 x 3900 = ?,4e5;4e5,390000.0
51.79 x 0.0035 = ?,0.18;1.8e-1,0.181265
0.829 x 2.1090 = ?,1.75;1.75e0,1.7483609999999998
494 x 1.20e-4 = ?,0.0593;5.93e-2,0.05928
233.00 x 20.12 = ?,4688;4.688e3,4687.96
1.758 x 5657.8 = ?,9946;9.946e3,9946.412400000001
2.1210e-4 x 0.683 = ?,1.45e-4;1.45e-4,0.00014486430000000002
0.001 x 1.20e-4 = ?,1e-7;1e-7,1.2000000000000002e-07
0.006 x 1.7e-4 = ?,1e-6;1e-6,1.0200000000000002e-06
1.7575 x 9.5 = ?,17;1.7e1,16.69625
1.456e-4 x 0.002 = ?,3e-7;3e-7,2.9119999999999996e-07
6.551e-4 x 2e-4 = ?,1e-7;1e-7,1.3102000000000002e-07
1.2068 x 1.7e-4 = ?,2.1e-4;2.1e-4,0.00020515600000000004
0.0043 x 191.98 = ?,0.83;8.3e-1,0.825514
5 x 1.45 = ?,7;7e0,7.25
0.006 x 200 = ?,1;1e0,1.2
7.906 x 0.0232 = ?,0.183;1.83e-1,0.18341919999999998
0.0062506 x 0.00114 = ?,7.13e-6;7.13e-6,7.125684e-06
0.01326 x 3885 = ?,51.52;5.152e1,51.5151
0.8 x 0.22105 = ?,0.2;2e-1,0.17684
4.50e-4 x 0.469 = ?,2.11e-4;2.11e-4,0.00021104999999999998
200 x 0.00243 = ?,0.5;5e-1,0.486
0.08685 x 0.034 = ?,0.0030;3.0e-3,0.0029529
2220 x 90.52 = ?,2.01e5;2.01e5,200954.4
1e-4 x 2000 = ?,0.2;2e-1,0.2
0.4 x 1.2e-4 = ?,5e-5;5e-5,4.8e-05
0.39069 x 3884.9 = ?,1517.8;1.5178e3,1517.791581
109.85 x 4.47 = ?,491;4.91e2,491.0294999999999
0.268 x 91 = ?,24;2.4e1,24.388
720 x 600 = ?,4e5;4e5,432000.0
11.5 x 1e-4 = ?,0.001;1e-3,0.00115
0.0596 x 130 = ?,7.7;7.7e0,7.748
200 x 0.015909 = ?,3;3e0,3.1818
0.2 x 0.001145 = ?,2e-4;2e-4,0.000229
1.21 x 29.3 = ?,35.5;3.55e1,35.453
160. x 0.005150 = ?,0.824;8.24e-1,0.8240000000000001
0.002 x 0.1518 = ?,3e-4;3e-4,0.0003036
50 x 3885 = ?,2e5;2e5,194250.0
1e4 x 1 = ?,1e4;1e4,10000.0
3237.5 x 2700 = ?,8.7e6;8.7e6,8741250.0
109.85 x 4.4731 = ?,491.37;4.9137e2,491.3700349999999
160 x 20 = ?,3000;3e3,3200.0
1530 x 0.32 = ?,490;4.9e2,489.6
0.56899 x 2.1090 = ?,1.2000;1.2000e0,1.19999991
0.2 x 1257.7 = ?,300;3e2,251.54000000000002
1526.4 x 0.7 = ?,1000;1e3,1068.48
1 x 0.011 = ?,0.01;1e-2,0.011
16.77 x 400 = ?,7000;7e3,6708.0
4.50e-4 x 0.15 = ?,6.8e-5;6.8e-5,6.75e-05
1.00e4 x 0.10422 = ?,1040;1.04e3,1042.2
52 x 0.5 = ?,30;3e1,26.0
3.089e-4 x 0.2 = ?,6e-5;6e-5,6.178e-05
1.5e-4 x 900 = ?,0.1;1e-1,0.13499999999999998
4.50e-4 x 0.00167 = ?,7.52e-7;7.52e-7,7.515e-07
0.0091030 x 90.517 = ?,0.82398;8.2398e-1,0.8239762509999999
0.3 x 900 = ?,300;3e2,270.0
340 x 30 = ?,1e4;1e4,10200.0
3240 x 2 = ?,6000;6e3,6480.0
10 x 0.2 = ?,2;2e0,2.0
0.03 x 90.52 = ?,3;3e0,2.7156
0.086851 x 2.55e-4 = ?,2.21e-5;2.21e-5,2.2147005e-05
339.32 x 130 = ?,4.4e4;4.4e4,44111.6
0.006 x 0.007501 = ?,5e-5;5e-5,4.5006e-05
7000 x 0.0052 = ?,40;4e1,36.4
0.087 x 1.4 = ?,0.12;1.2e-1,0.12179999999999998
7e-4 x 2.545e-4 = ?,2e-7;2e-7,1.7815e-07
5.4 x 6000 = ?,3e4;3e4,32400.000000000004
4710 x 43 = ?,2.0e5;2.0e5,202530.0
8 x 1.7e-4 = ?,0.001;1e-3,0.00136
1e-4 x 0.1518 = ?,2e-5;2e-5,1.518e-05
7.91 x 407.19 = ?,3220;3.22e3,3220.8729
0.04 x 279.6 = ?,10;1e1,11.184000000000001
0.01931 x 3 = ?,0.06;6e-2,0.05793
0.0133 x 0.3219 = ?,0.00428;4.28e-3,0.00428127
40 x 2 = ?,80;8e1,80.0
24.42 x 42.68 = ?,1042;1.042e3,1042.2456
0.002 x 5.3981e-4 = ?,1e-6;1e-6,1.0796200000000001e-06
230 x 4.4731 = ?,1.0e3;1.0e3,1028.8129999999999
0.019 x 1831.7 = ?,35;3.5e1,34.8023
0.009 x 7.862e-4 = ?,7e-6;7e-6,7.0758e-06
3.089e-4 x 7.86e-4 = ?,2.43e-7;2.43e-7,2.4279539999999997e-07
6866.5 x 0.1042 = ?,715.5;7.155e2,715.4893
1.207 x 0.0075 = ?,0.0091;9.1e-3,0.0090525
2220 x 0.005 = ?,10;1e1,11.1
0.2683 x 0.32192 = ?,0.08637;8.637e-2,0.08637113599999999
0.0020 x 0.02 = ?,4e-5;4e-5,4e-05
0.019 x 3880 = ?,74;7.4e1,73.72
0.0133 x 2668 = ?,35.5;3.55e1,35.4844
0.060 x 4 = ?,0.2;2e-1,0.24
7.9060 x 0.072 = ?,0.57;5.7e-1,0.569232
340 x 0.02317 = ?,7.9;7.9e0,7.8778
719.7 x 0.104 = ?,74.8;7.48e1,74.8488
7.906 x 13.817 = ?,109.2;1.092e2,109.237202
3.7276 x 0.001 = ?,0.004;4e-3,0.0037275999999999998
6.551e-4 x 2670 = ?,1.75;1.75e0,1.749117
719.69 x 3880 = ?,2.79e6;2.79e6,2792397.2
5.4 x 1.20e-4 = ?,6.5e-4;6.5e-4,0.000648
494.2 x 3.0715 = ?,1518;1.518e3,1517.9352999999999
51.795 x 1.200e-4 = ?,0.006215;6.215e-3,0.0062154
1.00e-4 x 0.10 = ?,1.0e-5;1.0e-5,1e-05
17 x 0.0017 = ?,0.029;2.9e-2,0.0289
6900 x 20.122 = ?,1.4e5;1.4e5,138841.8
1.0e-4 x 0.001 = ?,1e-7;1e-7,1.0000000000000001e-07
2 x 1.2e-4 = ?,2e-4;2e-4,0.00024
0.087 x 192 = ?,17;1.7e1,16.704
0.0029471 x 0.001 = ?,3e-6;3e-6,2.9470999999999997e-06
0.3 x 0.00243 = ?,7e-4;7e-4,0.0007289999999999999
8 x 62.154 = ?,500;5e2,497.232
0.003 x 0.007501 = ?,2e-5;2e-5,2.2503e-05
720 x 0.99 = ?,710;7.1e2,712.8
0.019 x 1.2e-4 = ?,2.3e-6;2.3e-6,2.28e-06
50 x 6.5 = ?,300;3e2,325.0
16.77 x 190 = ?,3200;3.2e3,3186.2999999999997
0.0063 x 1258 = ?,7.9;7.9e0,7.9254
2200 x 0.2 = ?,400;4e2,440.0
494.2 x 0.152 = ?,75.1;7.51e1,75.1184
0.019 x 42.7 = ?,0.81;8.1e-1,0.8113
0.56899 x 90.5 = ?,51.5;5.15e1,51.493595
3240 x 9 = ?,3e4;3e4,29160.0
1.76 x 62.154 = ?,109;1.09e2,109.39104
2.560 x 2.11 = ?,5.40;5.40e0,5.4016
0.57 x 3.7066e-4 = ?,2.1e-4;2.1e-4,0.00021127619999999997
2000 x 9.49 = ?,2e4;2e4,18980.0
720 x 0.0016674 = ?,1.2;1.2e0,1.200528
1.00e-4 x 0.034 = ?,3.4e-6;3.4e-6,3.4000000000000005e-06
35.565 x 3.7066e-4 = ?,0.013183;1.3183e-2,0.013182522899999998
17 x 1.20e4 = ?,2.0e5;2.0e5,204000.0
3.728 x 0.9944 = ?,3.707;3.707e0,3.7071232
3.7276 x 593.0 = ?,2210.;2.210e3,2210.4667999999997
339.32 x 1257.7 = ?,4.2676e5;4.2676e5,426762.764
109.85 x 20. = ?,2200;2.2e3,2197.0
20 x 0.0075007 = ?,0.2;2e-1,0.150014
4715 x 0.072 = ?,340;3.4e2,339.47999999999996
2e-4 x 20.12 = ?,0.004;4e-3,0.004024000000000001
52 x 20.122 = ?,1.0e3;1.0e3,1046.344
9.54e-4 x 0.2 = ?,2e-4;2e-4,0.0001908
3200 x 90 = ?,3e5;3e5,288000.0
3237 x 8239.8 = ?,2.667e7;2.667e7,26672232.599999998
2.1e-4 x 0.99 = ?,2.1e-4;2.1e-4,0.0002079
0.0091 x 29.3 = ?,0.27;2.7e-1,0.26663000000000003
0.02 x 900 = ?,20;2e1,18.0
0.02812 x 0.023 = ?,6.5e-4;6.5e-4,0.00064676
0.12649 x 0.005150 = ?,6.514e-4;6.514e-4,0.0006514235
2.12e-4 x 1 = ?,2e-4;2e-4,0.000212
1.7575 x 3 = ?,5;5e0,5.2725
4715 x 0.104 = ?,490.;4.90e2,490.35999999999996
0.00429 x 1831.7 = ?,7.86;7.86e0,7.857993000000001
100 x 0.01591 = ?,2;2e0,1.591
1.7575 x 8240. = ?,1.448e4;1.448e4,14481.800000000001
2.1e-4 x 90 = ?,0.02;2e-2,0.0189
490 x 279.59 = ?,1.4e5;1.4e5,136999.09999999998
0.0043 x 3.707e-4 = ?,1.6e-6;1.6e-6,1.59401e-06
0.391 x 3.071 = ?,1.20;1.20e0,1.2007610000000002
0.001 x 7.86e-4 = ?,8e-7;8e-7,7.860000000000001e-07
0.0020 x 0.016 = ?,3.2e-5;3.2e-5,3.2e-05
0.5690 x 4.473 = ?,2.545;2.545e0,2.5451369999999995
2000 x 0.0491 = ?,9.8e1;9.8e1,98.19999999999999
1526 x 8240. = ?,1.257e7;1.257e7,12574240.0
36 x 2.109 = ?,76;7.6e1,75.924
0.4 x 410 = ?,200;2e2,164.0
80 x 593.0 = ?,5e4;5e4,47440.0
0.087 x 1.4482 = ?,0.13;1.3e-1,0.12599339999999998
1048.1 x 4.5 = ?,4700;4.7e3,4716.45
110. x 600 = ?,7e4;7e4,66000.0
0.5690 x 8200 = ?,4700;4.7e3,4665.799999999999
75.43 x 3.071 = ?,231.6;2.316e2,231.64553000000004
0.1 x 0.00167 = ?,2e-4;2e-4,0.00016700000000000002
51.8 x 0.008 = ?,0.4;4e-1,0.4144
9.5e-4 x 0.023 = ?,2.2e-5;2.2e-5,2.185e-05
1e-4 x 2668 = ?,0.3;3e-1,0.26680000000000004
0.27 x 0.4688 = ?,0.13;1.3e-1,0.126576
0.3 x 0.3219 = ?,0.10;9.7e-2,0.09657
700 x 0.005 = ?,4;4e0,3.5
0.01931 x 0.023168 = ?,4.474e-4;4.474e-4,0.00044737408000000006
0.060 x 0.01092 = ?,6.6e-4;6.6e-4,0.0006551999999999999
500 x 400 = ?,2e5;2e5,200000.0
0.002024 x 0.152 = ?,3.08e-4;3.08e-4,0.00030764800000000005
5.429 x 1.7e-4 = ?,9.2e-4;9.2e-4,0.0009229300000000001
490 x 3900 = ?,1.9e6;1.9e6,1911000.0
0.829 x 8000 = ?,7000;7e3,6632.0
51.795 x 0.0337 = ?,1.75;1.75e0,1.7454915000000002
1e-4 x 62 = ?,0.006;6e-3,0.006200000000000001
0.27 x 0.10 = ?,0.027;2.7e-2,0.027000000000000003
6866 x 4.5 = ?,3.1e4;3.1e4,30897.0
52 x 6.5 = ?,340;3.4e2,338.0
24.4 x 0.015909 = ?,0.388;3.88e-1,0.38817959999999996
0.13 x 10 = ?,1;1e0,1.3
719.7 x 1831.7 = ?,1.318e6;1.318e6,1318274.4900000002
0.1265 x 0.01591 = ?,0.002013;2.013e-3,0.002012615
0.0063 x 4000 = ?,30;3e1,25.2
6.551e-4 x 3884.9 = ?,2.545;2.545e0,2.54499799
0.0409 x 0.049139 = ?,0.00201;2.01e-3,0.0020097851
0.829 x 3.07 = ?,2.55;2.55e0,2.5450299999999997
0.39 x 14 = ?,5.5;5.5e0,5.46
52 x 0.104 = ?,5.4;5.4e0,5.4079999999999995
0.01 x 1.2e4 = ?,100;1e2,120.0
0.00625 x 0.00354 = ?,2.21e-5;2.21e-5,2.2125000000000002e-05
0.04095 x 62.2 = ?,2.55;2.55e0,2.5470900000000003
3240 x 2700 = ?,8.7e6;8.7e6,8748000.0
3.09e-4 x 410 = ?,0.13;1.3e-1,0.12669
0.02812 x 2700 = ?,76;7.6e1,75.92399999999999
0.8286 x 9.49 = ?,7.86;7.86e0,7.863414000000001
110. x 0.007501 = ?,0.825;8.25e-1,0.82511
0.006251 x 0.3 = ?,0.002;2e-3,0.0018752999999999999
0.0063 x 0.99 = ?,0.0062;6.2e-3,0.006237
300 x 407.2 = ?,1e5;1e5,122160.0
2220 x 5660 = ?,1.26e7;1.26e7,12565200.0
0.0596 x 279.59 = ?,16.7;1.67e1,16.663563999999997
0.004292 x 0.0017 = ?,7.3e-6;7.3e-6,7.296399999999999e-06
0.002947 x 600 = ?,2;2e0,1.7682
3237 x 0.1042 = ?,337.3;3.373e2,337.29540000000003
6866.5 x 2 = ?,1e4;1e4,13733.0
0.0062506 x 4 = ?,0.03;3e-2,0.0250024
0.040949 x 280 = ?,11;1.1e1,11.46572
5.4287 x 5700 = ?,3.1e4;3.1e4,30943.59
2e-4 x 6.51 = ?,0.001;1e-3,0.001302
7.91 x 864 = ?,6830;6.83e3,6834.24
0.39 x 1.2e-4 = ?,4.7e-5;4.7e-5,4.6800000000000006e-05
1.2 x 2000 = ?,2000;2e3,2400.0
2220 x 1.2000e-4 = ?,0.266;2.66e-1,0.2664
1530 x 0.071563 = ?,109;1.09e2,109.49139
110. x 900 = ?,9.9e4;9.9e4,99000.0
0.009103 x 0.2210 = ?,0.002012;2.012e-3,0.002011763
5000 x 3900 = ?,2e7;2e7,19500000.0
0.040949 x 62.154 = ?,2.5451;2.5451e0,2.545144146
0.059636 x 2.1 = ?,0.13;1.3e-1,0.1252356
3237.5 x 0.02 = ?,60;6e1,64.75
16.768 x 1800 = ?,3.0e4;3.0e4,30182.4
339.3 x 0.0337 = ?,11.4;1.14e1,11.434410000000002
0.57 x 20. = ?,11;1.1e1,11.399999999999999
0.00295 x 0.6828 = ?,0.00201;2.01e-3,0.00201426
0.0013895 x 7 = ?,0.010;9.7e-3,0.009726499999999999
3.0888e-4 x 0.005 = ?,2e-6;2e-6,1.5444e-06
109.85 x 0.003536 = ?,0.3884;3.884e-1,0.3884296
3.728 x 0.5 = ?,2;2e0,1.864
230 x 1832 = ?,4.2e5;4.2e5,421360.0
109.85 x 0.016 = ?,1.8;1.8e0,1.7576
0.02812 x 29.30 = ?,0.8239;8.239e-1,0.823916
0.019 x 1e4 = ?,200;2e2,190.0
2.1210e-4 x 2.1090 = ?,4.4732e-4;4.4732e-4,0.0004473189
719.69 x 0.00515 = ?,3.71;3.71e0,3.7064035000000004
0.00625 x 0.00515 = ?,3.22e-5;3.22e-5,3.21875e-05
0.1842 x 9.5 = ?,1.7;1.7e0,1.7499
5.4287 x 7.9e-4 = ?,0.0043;4.3e-3,0.004288673
75.4 x 864 = ?,6.51e4;6.51e4,65145.600000000006
0.0193 x 9.487 = ?,0.183;1.83e-1,0.18309910000000001
52 x 62.2 = ?,3200;3.2e3,3234.4
51.79 x 0.99 = ?,51;5.1e1,51.2721
0.08685 x 3900 = ?,340;3.4e2,338.715
0.04 x 100 = ?,4;4e0,4.0
0.0063 x 131.8 = ?,0.83;8.3e-1,0.8303400000000001
3 x 7.8615e-4 = ?,0.002;2e-3,0.0023584499999999998
2220 x 42.7 = ?,9.48e4;9.48e4,94794.0
35.56 x 60 = ?,2000;2e3,2133.6000000000004
0.013257 x 2668 = ?,35.37;3.537e1,35.369676
0.019307 x 3.7066e-4 = ?,7.1563e-6;7.1563e-6,7.15633262e-06
0.006 x 0.7 = ?,0.004;4e-3,0.0042
36 x 90.52 = ?,3300;3.3e3,3258.72
7.91 x 7.862e-4 = ?,0.00622;6.22e-3,0.0062188420000000005
7.9060 x 5e-4 = ?,0.004;4e-3,0.003953
0.059636 x 0.01 = ?,6e-4;6e-4,0.00059636
0.059636 x 0.0011449 = ?,6.8277e-5;6.8277e-5,6.82772564e-05
5.429 x 0.011 = ?,0.060;6.0e-2,0.059719
160. x 0.7 = ?,100;1e2,112.0
1050 x 864 = ?,9.07e5;9.07e5,907200.0
3.1e-4 x 0.68278 = ?,2.1e-4;2.1e-4,0.0002116618
233 x 1.748e-4 = ?,0.0407;4.07e-2,0.0407284
0.028 x 62.154 = ?,1.7;1.7e0,1.740312
0.05964 x 5.398e-4 = ?,3.219e-5;3.219e-5,3.2193672e-05
0.3 x 0.02317 = ?,0.007;7e-3,0.006951
9.541e-4 x 0.0011 = ?,1.0e-6;1.0e-6,1.0495100000000001e-06
3.728 x 1.4 = ?,5.2;5.2e0,5.2192
0.18 x 1e4 = ?,2000;2e3,1800.0
1.00e-4 x 0.0024283 = ?,2.43e-7;2.43e-7,2.4283e-07
2.121e-4 x 2e-4 = ?,4e-8;4e-8,4.2420000000000005e-08
1 x 2.5e-4 = ?,3e-4;3e-4,0.00025
0.18421 x 2.545e-4 = ?,4.688e-5;4.688e-5,4.6881445000000005e-05
1e4 x 0.005 = ?,50;5e1,50.0
75.4 x 280. = ?,2.11e4;2.11e4,21112.0
490 x 0.049 = ?,24;2.4e1,24.01
720. x 410 = ?,3.0e5;3.0e5,295200.0
0.00910 x 0.683 = ?,0.00622;6.22e-3,0.006215300000000001
1.0e-4 x 3884.9 = ?,0.39;3.9e-1,0.38849
1.8 x 3.7066e-4 = ?,6.7e-4;6.7e-4,0.000667188
0.2683 x 29 = ?,7.8;7.8e0,7.7806999999999995
0.013 x 42.68 = ?,0.55;5.5e-1,0.55484
5.4287 x 0.04914 = ?,0.2668;2.668e-1,0.266766318
35.565 x 7 = ?,200;2e2,248.95499999999998
494.2 x 1.748e-4 = ?,0.08639;8.639e-2,0.08638615999999999
2.5595 x 0.0011 = ?,0.0028;2.8e-3,0.00281545
494 x 13.8 = ?,6820;6.82e3,6817.200000000001
51.8 x 0.0109 = ?,0.565;5.65e-1,0.56462
0.040949 x 0.0337 = ?,0.00138;1.38e-3,0.0013799813
11.5 x 90.5 = ?,1040;1.04e3,1040.75
233 x 42.678 = ?,9940;9.94e3,9943.974
1.000e4 x 0.001 = ?,10;1e1,10.0
6870 x 4.4731 = ?,3.07e4;3.07e4,30730.196999999996
6.55e-4 x 0.015909 = ?,1.04e-5;1.04e-5,1.0420394999999999e-05
0.060 x 0.15 = ?,0.0090;9.0e-3,0.009
1000 x 2668 = ?,3e6;3e6,2668000.0
4.498e-4 x 90.5 = ?,0.0407;4.07e-2,0.0407069
11.5 x 7.9e-4 = ?,0.0091;9.1e-3,0.009085
1.000e-4 x 43 = ?,0.0043;4.3e-3,0.0043
0.059636 x 0.68 = ?,0.041;4.1e-2,0.04055248
0.1842 x 0.00243 = ?,4.48e-4;4.48e-4,0.00044760599999999997
3.089e-4 x 40 = ?,0.01;1e-2,0.012355999999999999
0.06 x 0.071563 = ?,0.004;4e-3,0.00429378
3237.5 x 42.7 = ?,1.38e5;1.38e5,138241.25
24.4 x 13.82 = ?,337;3.37e2,337.20799999999997
0.126 x 5700 = ?,720;7.2e2,718.2
7e-4 x 0.10 = ?,7e-5;7e-5,7.000000000000001e-05
160. x 0.15 = ?,24;2.4e1,24.0
0.2683 x 0.47 = ?,0.13;1.3e-1,0.126101
0.006 x 20.122 = ?,0.1;1e-1,0.120732
3 x 407.19 = ?,1000;1e3,1221.57
0.12649 x 0.994 = ?,0.126;1.26e-1,0.12573105999999998
7.9060 x 0.1042 = ?,0.8238;8.238e-1,0.8238052
0.57 x 0.023168 = ?,0.013;1.3e-2,0.013205759999999999
0.00910 x 0.049 = ?,4.5e-4;4.5e-4,0.00044590000000000005
1050 x 0.03374 = ?,35.4;3.54e1,35.427
1 x 300 = ?,300;3e2,300.0
0.268 x 20. = ?,5.4;5.4e0,5.36
16.77 x 1.2e-4 = ?,0.0020;2.0e-3,0.0020124
1.7575 x 5.4e-4 = ?,9.5e-4;9.5e-4,0.00094905
0.028118 x 0.0159 = ?,4.47e-4;4.47e-4,0.00044707620000000004
1.207 x 4 = ?,5;5e0,4.828
0.009 x 0.22105 = ?,0.002;2e-3,0.00198945
1.0000e-4 x 0.034 = ?,3.4e-6;3.4e-6,3.4000000000000005e-06
35.6 x 0.152 = ?,5.41;5.41e0,5.4112
5 x 0.1042 = ?,0.5;5e-1,0.521
7.91 x 8239.8 = ?,6.52e4;6.52e4,65176.81799999999
0.028118 x 0.00515 = ?,1.45e-4;1.45e-4,0.0001448077
2.1e-4 x 0.2210 = ?,4.6e-5;4.6e-5,4.6410000000000005e-05
7.906 x 30 = ?,200;2e2,237.17999999999998
2.56 x 90.517 = ?,232;2.32e2,231.72352
0.003 x 5e-4 = ?,2e-6;2e-6,1.5e-06
3.7 x 0.0011 = ?,0.0041;4.1e-3,0.004070000000000001
9.5e-4 x 13.82 = ?,0.013;1.3e-2,0.013129
3.0888e-4 x 400 = ?,0.1;1e-1,0.123552
0.18 x 0.152 = ?,0.027;2.7e-2,0.02736
3e-4 x 1.448 = ?,4e-4;4e-4,0.00043439999999999993
3.09e-4 x 0.0075007 = ?,2.32e-6;2.32e-6,2.3177162999999997e-06
160.0 x 3.7e-4 = ?,0.059;5.9e-2,0.0592
0.002 x 0.99 = ?,0.002;2e-3,0.00198
2e-4 x 6.514 = ?,0.001;1e-3,0.0013028
339.32 x 3884.9 = ?,1.3182e6;1.3182e6,1318224.268
1.000e4 x 0.049139 = ?,491.4;4.914e2,491.39000000000004
4715 x 0.03374 = ?,159.1;1.591e2,159.0841
0.12649 x 3 = ?,0.4;4e-1,0.37947
0.0013895 x 1257.7 = ?,1.7476;1.7476e0,1.74757415
200 x 0.0051503 = ?,1;1e0,1.03006
7000 x 190 = ?,1e6;1e6,1330000.0
3.1e-4 x 0.02317 = ?,7.2e-6;7.2e-6,7.1827e-06
339.32 x 863.62 = ?,2.9304e5;2.9304e5,293043.5384
0.8286 x 280. = ?,232;2.32e2,232.008
3000 x 2 = ?,6000;6e3,6000.0
4.50e-4 x 4.473 = ?,0.00201;2.01e-3,0.00201285
0.5690 x 3900 = ?,2200;2.2e3,2219.1
2200 x 0.3219 = ?,710;7.1e2,708.1800000000001
700 x 280 = ?,2e5;2e5,196000.0
7.906 x 300 = ?,2000;2e3,2371.7999999999997
0.00202 x 0.02 = ?,4e-5;4e-5,4.04e-05
6.5513e-4 x 29.30 = ?,0.01920;1.920e-2,0.019195309
7.9060 x 0.1 = ?,0.8;8e-1,0.7906
3237.5 x 0.034 = ?,110;1.1e2,110.075
0.002947 x 7.862e-4 = ?,2.317e-6;2.317e-6,2.3169314e-06
0.09 x 10 = ?,0.9;9e-1,0.8999999999999999
7e-4 x 0.1 = ?,7e-5;7e-5,7.000000000000001e-05
4.5e-4 x 9.4873 = ?,0.0043;4.3e-3,0.004269284999999999
0.5690 x 0.0011 = ?,6.3e-4;6.3e-4,0.0006259
0.0029 x 407.2 = ?,1.2;1.2e0,1.18088
0.1842 x 1.7476e-4 = ?,3.219e-5;3.219e-5,3.2190791999999995e-05
160 x 3.0715 = ?,490;4.9e2,491.44
0.0014 x 0.47 = ?,6.6e-4;6.6e-4,0.000658
1530 x 43 = ?,6.6e4;6.6e4,65790.0
0.8286 x 0.00515 = ?,0.00427;4.27e-3,0.00426729
160 x 0.00750 = ?,1.2;1.2e0,1.2
80 x 0.072 = ?,6;6e0,5.76
9.541e-4 x 2.1 = ?,0.0020;2.0e-3,0.0020036100000000003
7e-4 x 0.0011 = ?,8e-7;8e-7,7.7e-07
4.498e-4 x 6.514 = ?,0.002930;2.930e-3,0.0029299972
1526.4 x 0.2 = ?,300;3e2,305.28000000000003
3e-4 x 3880 = ?,1;1e0,1.164
0.002 x 0.07156 = ?,1e-4;1e-4,0.00014312
1526 x 2.1090 = ?,3218;3.218e3,3218.334
1.46e-4 x 4.5 = ?,6.6e-4;6.6e-4,0.000657
1.46e-4 x 8240. = ?,1.20;1.20e0,1.2030399999999999
0.00429 x 0.016 = ?,6.9e-5;6.9e-5,6.864000000000001e-05
2.1e-4 x 1.20e4 = ?,2.5;2.5e0,2.52
0.5690 x 1832 = ?,1042;1.042e3,1042.408
0.3 x 0.016 = ?,0.005;5e-3,0.0048
5.4287 x 0.104 = ?,0.565;5.65e-1,0.5645848
24.42 x 593 = ?,1.45e4;1.45e4,14481.060000000001
6.55e-4 x 8239.8 = ?,5.40;5.40e0,5.397068999999999
1500 x 3880 = ?,5.8e6;5.8e6,5820000.0
0.00139 x 42.68 = ?,0.0593;5.93e-2,0.059325199999999995
0.0013895 x 0.2 = ?,3e-4;3e-4,0.0002779
35.56 x 4000 = ?,1e5;1e5,142240.0
20 x 4000 = ?,8e4;8e4,80000.0
0.004 x 4 = ?,0.02;2e-2,0.016
0.06 x 0.0024 = ?,1e-4;1e-4,0.00014399999999999998
0.83 x 1 = ?,0.8;8e-1,0.83
0.2 x 20.12 = ?,4;4e0,4.024
0.009 x 6.5 = ?,0.06;6e-2,0.058499999999999996
0.184 x 6.51 = ?,1.20;1.20e0,1.19784
1000 x 0.15 = ?,200;2e2,150.0
11.514 x 0.023168 = ?,0.26676;2.6676e-1,0.266756352
0.0091 x 90 = ?,0.8;8e-1,0.8190000000000001
0.013 x 0.0491 = ?,6.4e-4;6.4e-4,0.0006383
20 x 0.99 = ?,20;2e1,19.8
3200 x 0.034 = ?,110;1.1e2,108.80000000000001
0.0091030 x 279.59 = ?,2.5451;2.5451e0,2.5451077699999995
51.795 x 0.01 = ?,0.5;5e-1,0.51795
4.50e-4 x 8200 = ?,3.7;3.7e0,3.69
0.08685 x 1300 = ?,110;1.1e2,112.905
159.99 x 0.003536 = ?,0.5657;5.657e-1,0.56572464
0.00139 x 0.004 = ?,6e-6;6e-6,5.56e-06
160. x 0.3219 = ?,51.5;5.15e1,51.504000000000005
494.2 x 0.22105 = ?,109.2;1.092e2,109.24291
0.01931 x 131.82 = ?,2.545;2.545e0,2.5454442
719.69 x 0.469 = ?,338;3.38e2,337.53461
7.9060 x 1832 = ?,1.448e4;1.448e4,14483.792
1.207 x 200 = ?,200;2e2,241.4
0.00429 x 0.9944 = ?,0.00427;4.27e-3,0.004265976
7000 x 400 = ?,3e6;3e6,2800000.0
4e-4 x 190 = ?,0.08;8e-2,0.076
2.1e-4 x 13.817 = ?,0.0029;2.9e-3,0.00290157
719.7 x 4.5 = ?,3200;3.2e3,3238.65
0.006251 x 0.0011 = ?,6.9e-6;6.9e-6,6.8761e-06
0.0133 x 0.99437 = ?,0.0132;1.32e-2,0.013225121
2.56 x 6.51 = ?,16.7;1.67e1,16.6656
51.795 x 0.002 = ?,0.1;1e-1,0.10359
2.6 x 5e-4 = ?,0.001;1e-3,0.0013000000000000002
0.01931 x 14 = ?,0.27;2.7e-1,0.27034
4710 x 0.4688 = ?,2210;2.21e3,2208.048
233.0 x 29.305 = ?,6828;6.828e3,6828.065
0.019 x 600 = ?,10;1e1,11.4
1e4 x 900 = ?,9e6;9e6,9000000.0
11.5 x 131.8 = ?,1520;1.52e3,1515.7
0.040949 x 279.6 = ?,11.45;1.145e1,11.4493404
7.9060 x 1.2000e4 = ?,9.4872e4;9.4872e4,94872.0
0.184 x 10 = ?,2;2e0,1.8399999999999999
50 x 1.2e-4 = ?,0.006;6e-3,0.006
9.541e-4 x 0.3 = ?,3e-4;3e-4,0.00028623
0.56899 x 7.9e-4 = ?,4.5e-4;4.5e-4,0.0004495021
2 x 131.8 = ?,300;3e2,263.6
1.21 x 0.7 = ?,0.8;8e-1,0.847
35.56 x 2667.6 = ?,9.486e4;9.486e4,94859.856
1.207 x 2.545e-4 = ?,3.072e-4;3.072e-4,0.0003071815
2.56 x 2 = ?,5;5e0,5.12
110. x 1258 = ?,1.38e5;1.38e5,138380.0
0.0091 x 5660 = ?,52;5.2e1,51.506
0.0281 x 0.1042 = ?,0.00293;2.93e-3,0.00292802
0.00910 x 131.8 = ?,1.20;1.20e0,1.1993800000000001
0.569 x 863.6 = ?,491;4.91e2,491.3884
0.83 x 0.004 = ?,0.003;3e-3,0.00332
0.01326 x 192.0 = ?,2.546;2.546e0,2.5459199999999997
6.6e-4 x 0.10422 = ?,6.9e-5;6.9e-5,6.87852e-05
16.77 x 0.003536 = ?,0.05930;5.930e-2,0.05929872
9.5e-4 x 1e-4 = ?,9.5e-8;9.5e-8,9.5e-08
3.728 x 1.45 = ?,5.41;5.41e0,5.4056
2.560 x 0.99 = ?,2.5;2.5e0,2.5344
6.5513e-4 x 0.0075 = ?,4.9e-6;4.9e-6,4.9134749999999996e-06
3.089e-4 x 6.51 = ?,0.00201;2.01e-3,0.0020109389999999998
494.17 x 90.517 = ?,4.4731e4;4.4731e4,44730.78589
0.0596 x 8e-4 = ?,5e-5;5e-5,4.7680000000000004e-05
0.26827 x 0.99 = ?,0.27;2.7e-1,0.2655873
0.0014 x 407 = ?,0.57;5.7e-1,0.5698
0.001389 x 0.005 = ?,7e-6;7e-6,6.945e-06
0.4 x 2.1 = ?,0.8;8e-1,0.8400000000000001
1.456e-4 x 29.305 = ?,0.004267;4.267e-3,0.0042668079999999995
7e-4 x 1800 = ?,1;1e0,1.26
0.02812 x 593.0 = ?,16.68;1.668e1,16.675159999999998
7.9 x 20.122 = ?,160;1.6e2,158.96380000000002
4.4984e-4 x 0.2 = ?,9e-5;9e-5,8.9968e-05
0.02 x 0.0232 = ?,5e-4;5e-4,0.000464
233.0 x 0.023168 = ?,5.398;5.398e0,5.398144
16.768 x 0.011 = ?,0.18;1.8e-1,0.184448
0.01931 x 2 = ?,0.04;4e-2,0.03862
0.00295 x 8240 = ?,24.3;2.43e1,24.308
0.006251 x 1.200e-4 = ?,7.501e-7;7.501e-7,7.501199999999999e-07
0.18 x 13.82 = ?,2.5;2.5e0,2.4876
4.5e-4 x 62 = ?,0.028;2.8e-2,0.027899999999999998
7e-4 x 13.8 = ?,0.010;9.7e-3,0.00966
10 x 0.3 = ?,3;3e0,3.0
0.087 x 0.0716 = ?,0.0062;6.2e-3,0.006229199999999999
7.906 x 0.049 = ?,0.39;3.9e-1,0.387394
6.551e-4 x 0.68 = ?,4.5e-4;4.5e-4,0.0004454680000000001
3237 x 0.10 = ?,320;3.2e2,323.70000000000005
40 x 2670 = ?,1e5;1e5,106800.0
110 x 0.322 = ?,35;3.5e1,35.42
0.03 x 0.15178 = ?,0.005;5e-3,0.0045534
339 x 3000 = ?,1e6;1e6,1017000.0
0.5690 x 1.75e-4 = ?,9.96e-5;9.96e-5,9.9575e-05
4.498e-4 x 0.6828 = ?,3.071e-4;3.071e-4,0.00030712344
0.013 x 900 = ?,10;1e1,11.7
8 x 590 = ?,5000;5e3,4720.0
0.5690 x 0.15178 = ?,0.08636;8.636e-2,0.08636281999999999
51.8 x 60 = ?,3000;3e3,3108.0
1.000e-4 x 0.00750 = ?,7.50e-7;7.50e-7,7.5e-07
0.08685 x 62.154 = ?,5.398;5.398e0,5.3980749
0.01326 x 62.154 = ?,0.8242;8.242e-1,0.82416204
20 x 2700 = ?,5e4;5e4,54000.0
0.12649 x 1.4482 = ?,0.18318;1.8318e-1,0.18318281799999997
16.77 x 0.001667 = ?,0.02796;2.796e-2,0.02795559
200 x 90.52 = ?,2e4;2e4,18104.0
0.00202 x 600 = ?,1;1e0,1.212
1048 x 0.0159 = ?,16.7;1.67e1,16.6632
0.1 x 131.82 = ?,10;1e1,13.182
6.551e-4 x 6.5 = ?,0.0043;4.3e-3,0.0042581500000000005
0.569 x 1e4 = ?,6000;6e3,5689.999999999999
4710 x 590 = ?,2.8e6;2.8e6,2778900.0
8 x 0.994 = ?,8;8e0,7.952
4.498e-4 x 410 = ?,0.18;1.8e-1,0.184418
0.18421 x 7 = ?,1;1e0,1.2894700000000001
40 x 5657.8 = ?,2e5;2e5,226312.0
110 x 1.20e-4 = ?,0.013;1.3e-2,0.0132
1 x 0.3 = ?,0.3;3e-1,0.3
1.0e-4 x 8e-4 = ?,8e-8;8e-8,8e-08
339.3 x 0.03374 = ?,11.45;1.145e1,11.447982
2.1e-4 x 2.1 = ?,4.4e-4;4.4e-4,0.00044100000000000004
3 x 4.4731 = ?,10;1e1,13.4193
0.00202 x 1.2e4 = ?,24;2.4e1,24.240000000000002
3.7 x 1.7e-4 = ?,6.3e-4;6.3e-4,0.0006290000000000001
16.77 x 1.20e4 = ?,2.01e5;2.01e5,201240.0
4e-4 x 0.994 = ?,4e-4;4e-4,0.0003976
4 x 5.40e-4 = ?,0.002;2e-3,0.00216
2.6 x 0.15 = ?,0.39;3.9e-1,0.39
0.02 x 90.517 = ?,2;2e0,1.81034
75.4 x 90.5 = ?,6820;6.82e3,6823.700000000001
0.82864 x 20.1 = ?,16.7;1.67e1,16.655664
36 x 192.0 = ?,6900;6.9e3,6912.0
7e-4 x 6.51 = ?,0.005;5e-3,0.004556999999999999
5.43 x 1.2000e4 = ?,6.52e4;6.52e4,65160.0
9.541e-4 x 0.005 = ?,5e-6;5e-6,4.7705e-06
719.7 x 0.99 = ?,710;7.1e2,712.503
9.5e-4 x 3.7066e-4 = ?,3.5e-7;3.5e-7,3.52127e-07
24.42 x 40 = ?,9.8e2;9.8e2,976.8000000000001
0.00910 x 29.305 = ?,0.267;2.67e-1,0.2666755
1.0000e-4 x 29 = ?,0.0029;2.9e-3,0.0029000000000000002
0.26827 x 0.002428 = ?,6.514e-4;6.514e-4,0.00065135956
160 x 2.545e-4 = ?,0.041;4.1e-2,0.04072
1526 x 29 = ?,4.4e4;4.4e4,44254.0
2220 x 0.32 = ?,710;7.1e2,710.4
0.0029 x 0.023 = ?,6.7e-5;6.7e-5,6.67e-05
7.9060 x 2670 = ?,2.11e4;2.11e4,21109.02
2200 x 3e-4 = ?,0.7;7e-1,0.6599999999999999
4 x 0.4688 = ?,2;2e0,1.8752
0.00625 x 1800 = ?,11;1.1e1,11.25
6866 x 0.0017 = ?,12;1.2e1,11.6722
6900 x 2 = ?,1e4;1e4,13800.0
0.06 x 863.6 = ?,50;5e1,51.816
1000 x 0.023 = ?,20;2e1,23.0
4715 x 8e-4 = ?,4;4e0,3.7720000000000002
109.9 x 0.002 = ?,0.2;2e-1,0.21980000000000002
159.99 x 1.75e-4 = ?,0.0280;2.80e-2,0.027998250000000002
0.04 x 863.62 = ?,30;3e1,34.5448
0.2683 x 2.109 = ?,0.5658;5.658e-1,0.5658447
0.0596 x 9 = ?,0.5;5e-1,0.5364
1.2068 x 3e-4 = ?,4e-4;4e-4,0.00036204
0.0029 x 0.0011 = ?,3.2e-6;3.2e-6,3.19e-06
0.829 x 0.010924 = ?,0.00906;9.06e-3,0.009055995999999998
0.0042919 x 4.47 = ?,0.0192;1.92e-2,0.019184793000000002
0.05964 x 2.1090 = ?,0.1258;1.258e-1,0.12578076
52 x 6.5 = ?,340;3.4e2,338.0
720. x 1832 = ?,1.32e6;1.32e6,1319040.0
3.73 x 2.5451e-4 = ?,9.49e-4;9.49e-4,0.0009493223
494 x 3884.9 = ?,1.92e6;1.92e6,1919140.6
0.0596 x 0.03374 = ?,0.00201;2.01e-3,0.002010904
6.551e-4 x 5660 = ?,3.71;3.71e0,3.707866
3237 x 3.071 = ?,9941;9.941e3,9940.827000000001
0.01326 x 0.03374 = ?,4.474e-4;4.474e-4,0.0004473924
9.5410e-4 x 0.0016674 = ?,1.5909e-6;1.5909e-6,1.5908663400000002e-06
0.009 x 8240. = ?,70;7e1,74.16
0.0091030 x 0.6828 = ?,0.006216;6.216e-3,0.0062155284
2223 x 131.8 = ?,2.930e5;2.930e5,292991.4
1.000e-4 x 1e-4 = ?,1e-8;1e-8,1e-08
1.456e-4 x 4e-4 = ?,6e-8;6e-8,5.824e-08
0.01326 x 100 = ?,1;1e0,1.3259999999999998
7000 x 8200 = ?,6e7;6e7,57400000.0
0.041 x 42.7 = ?,1.8;1.8e0,1.7507000000000001
0.0091 x 863.62 = ?,7.9;7.9e0,7.858942000000001
109.85 x 131.8 = ?,1.448e4;1.448e4,14478.230000000001
0.26827 x 0.010924 = ?,0.0029306;2.9306e-3,0.00293058148
10 x 0.47 = ?,5;5e0,4.699999999999999
2.56 x 20.1 = ?,51.5;5.15e1,51.456
51.795 x 1.4482 = ?,75.010;7.5010e1,75.009519
0.02812 x 0.007501 = ?,2.109e-4;2.109e-4,0.00021092812
2.1210e-4 x 593.01 = ?,0.12578;1.2578e-1,0.125777421
0.002947 x 1e4 = ?,30;3e1,29.47
16.77 x 13.817 = ?,231.7;2.317e2,231.71108999999998
0.03 x 3.07 = ?,0.09;9e-2,0.09209999999999999
0.569 x 279.59 = ?,159;1.59e2,159.08670999999998
200 x 407.2 = ?,8e4;8e4,81440.0
0.13 x 0.07156 = ?,0.0093;9.3e-3,0.0093028
5.429 x 1.7476e-4 = ?,9.488e-4;9.488e-4,0.00094877204
40 x 20 = ?,800;8e2,800.0
5.4 x 191.98 = ?,1.0e3;1.0e3,1036.692
0.3907 x 1800 = ?,7.0e2;7.0e2,703.26
2223 x 0.15 = ?,330;3.3e2,333.45
0.001389 x 1.2e4 = ?,17;1.7e1,16.668
52 x 0.03374 = ?,1.8;1.8e0,1.75448
75 x 0.99 = ?,74;7.4e1,74.25
16.768 x 300 = ?,5000;5e3,5030.400000000001
16.768 x 0.01092 = ?,0.1831;1.831e-1,0.18310656
10 x 1.4482 = ?,10;1e1,14.482
0.391 x 131.8 = ?,51.5;5.15e1,51.53380000000001
6.55e-4 x 131.82 = ?,0.0863;8.63e-2,0.08634209999999999
0.0869 x 5e-4 = ?,4e-5;4e-5,4.3450000000000006e-05
1.0000e4 x 130 = ?,1.3e6;1.3e6,1300000.0
0.004292 x 0.049 = ?,2.1e-4;2.1e-4,0.000210308
4e-4 x 3.707e-4 = ?,1e-7;1e-7,1.4828e-07
6866.5 x 2.1 = ?,1.4e4;1.4e4,14419.650000000001
9.5e-4 x 3e-4 = ?,3e-7;3e-7,2.8499999999999997e-07
340 x 3880 = ?,1.3e6;1.3e6,1319200.0
7.91 x 0.15178 = ?,1.20;1.20e0,1.2005798
720 x 4000 = ?,3e6;3e6,2880000.0
3237 x 0.5 = ?,2000;2e3,1618.5
0.0029 x 0.049 = ?,1.4e-4;1.4e-4,0.00014209999999999998
1.7575 x 593 = ?,1040;1.04e3,1042.1975
7.91 x 0.034 = ?,0.27;2.7e-1,0.26894
0.001 x 3900 = ?,4;4e0,3.9
0.028 x 2 = ?,0.06;6e-2,0.056
0.0013895 x 0.0051503 = ?,7.1563e-6;7.1563e-6,7.1563418499999995e-06
0.01326 x 9.5 = ?,0.13;1.3e-1,0.12597
9.5410e-4 x 0.68278 = ?,6.5144e-4;6.5144e-4,0.0006514403980000001
720 x 190 = ?,1.4e5;1.4e5,136800.0
0.2 x 0.023 = ?,0.005;5e-3,0.0046
0.041 x 0.00167 = ?,6.8e-5;6.8e-5,6.847e-05
0.8286 x 8240. = ?,6828;6.828e3,6827.664
24.421 x 29.3 = ?,716;7.16e2,715.5353
0.1265 x 90.5 = ?,11.4;1.14e1,11.44825
720 x 90.52 = ?,6.5e4;6.5e4,65174.399999999994
2.1210e-4 x 0.0024283 = ?,5.1504e-7;5.1504e-7,5.1504243e-07
0.004 x 4e-4 = ?,2e-6;2e-6,1.6000000000000001e-06
51.79 x 4 = ?,200;2e2,207.16
9.5e-4 x 0.002 = ?,2e-6;2e-6,1.9e-06
17 x 863.6 = ?,1.5e4;1.5e4,14681.2
0.0013895 x 1830 = ?,2.54;2.54e0,2.542785
11.5 x 300 = ?,3000;3e3,3450.0
0.3907 x 1258 = ?,491.5;4.915e2,491.50059999999996
0.0409 x 8e-4 = ?,3e-5;3e-5,3.272e-05
3.09e-4 x 0.011 = ?,3.4e-6;3.4e-6,3.3989999999999996e-06
2 x 1.20e4 = ?,2e4;2e4,24000.0
2.56 x 407.19 = ?,1040;1.04e3,1042.4064
1.00e-4 x 5.4e-4 = ?,5.4e-8;5.4e-8,5.4e-08
0.002 x 0.034 = ?,7e-5;7e-5,6.800000000000001e-05
0.0029 x 0.002 = ?,6e-6;6e-6,5.7999999999999995e-06
9.5e-4 x 0.22 = ?,2.1e-4;2.1e-4,0.000209
6866 x 4.473 = ?,3.071e4;3.071e4,30711.618
494.2 x 2.545e-4 = ?,0.1258;1.258e-1,0.1257739
5000 x 191.98 = ?,9.6e5;9.6e5,959900.0
0.002947 x 3000 = ?,9;9e0,8.841
3.0888e-4 x 2.11 = ?,6.52e-4;6.52e-4,0.0006517367999999999
1.76 x 0.15178 = ?,0.267;2.67e-1,0.2671328
5.4287 x 5657.8 = ?,3.0714e4;3.0714e4,30714.49886
1.00e4 x 1257.7 = ?,1.26e7;1.26e7,12577000.0
36 x 9 = ?,300;3e2,324.0
6866 x 0.32 = ?,2200;2.2e3,2197.12
5.43 x 0.010924 = ?,0.0593;5.93e-2,0.05931731999999999
0.086851 x 1830 = ?,159;1.59e2,158.93733
159.99 x 9.4873 = ?,1517.9;1.5179e3,1517.873127
0.087 x 0.003536 = ?,3.1e-4;3.1e-4,0.000307632
1.7575 x 1300 = ?,2300;2.3e3,2284.75
0.0020 x 0.049 = ?,9.8e-5;9.8e-5,9.800000000000001e-05
0.04 x 0.003536 = ?,1e-4;1e-4,0.00014144
0.002947 x 131.82 = ?,0.3885;3.885e-1,0.38847353999999995
1.456e-4 x 1.448 = ?,2.108e-4;2.108e-4,0.00021082879999999998
2 x 1.45 = ?,3;3e0,2.9
51.795 x 0.049139 = ?,2.5452;2.5452e0,2.545154505
500 x 0.683 = ?,300;3e2,341.5
1e-4 x 91 = ?,0.009;9e-3,0.0091
233 x 20.1 = ?,4680;4.68e3,4683.3
1.456e-4 x 2e-4 = ?,3e-8;3e-8,2.912e-08
7.9060 x 0.0024283 = ?,0.019198;1.9198e-2,0.0191981398
1.4563e-4 x 0.002 = ?,3e-7;3e-7,2.9126000000000003e-07
9.54e-4 x 200 = ?,0.2;2e-1,0.1908
7e-4 x 2700 = ?,2;2e0,1.89
109.85 x 9.4873 = ?,1042.2;1.0422e3,1042.179905
6.6e-4 x 1257.7 = ?,0.83;8.3e-1,0.830082
0.27 x 40 = ?,10;1e1,10.8
6.6e-4 x 407.19 = ?,0.27;2.7e-1,0.2687454
0.13 x 2.5e-4 = ?,3.3e-5;3.3e-5,3.2500000000000004e-05
110. x 0.071563 = ?,7.87;7.87e0,7.87193
3 x 0.002 = ?,0.006;6e-3,0.006
75.431 x 191.98 = ?,1.4481e4;1.4481e4,14481.243379999998
5.4 x 6.514 = ?,35;3.5e1,35.1756
2e-4 x 0.002428 = ?,5e-7;5e-7,4.856000000000001e-07
2.1210e-4 x 0.0024 = ?,5.1e-7;5.1e-7,5.0904e-07
17 x 0.104 = ?,1.8;1.8e0,1.768
35.56 x 43 = ?,1500;1.5e3,1529.0800000000002
0.00625 x 0.0035365 = ?,2.21e-5;2.21e-5,2.2103125000000004e-05
2.121e-4 x 0.32192 = ?,6.828e-5;6.828e-5,6.8279232e-05
0.004292 x 0.47 = ?,0.0020;2.0e-3,0.00201724
3.1e-4 x 0.3 = ?,9e-5;9e-5,9.3e-05
0.087 x 410 = ?,36;3.6e1,35.669999999999995
160 x 0.10 = ?,16;1.6e1,16.0
51.8 x 0.01591 = ?,0.824;8.24e-1,0.824138
0.00139 x 0.0491 = ?,6.82e-5;6.82e-5,6.824899999999999e-05
2.56 x 3.071 = ?,7.86;7.86e0,7.86176
51.795 x 0.683 = ?,35.4;3.54e1,35.37598500000001
75.431 x 60 = ?,5000;5e3,4525.86
490 x 130 = ?,6.4e4;6.4e4,63700.0
4.50e-4 x 0.033741 = ?,1.52e-5;1.52e-5,1.518345e-05
0.00910 x 3885 = ?,35.4;3.54e1,35.353500000000004
720 x 0.0051503 = ?,3.7;3.7e0,3.708216
0.2683 x 1.2e4 = ?,3200;3.2e3,3219.6
1.0e-4 x 407 = ?,0.041;4.1e-2,0.0407
159.99 x 1.200e-4 = ?,0.01920;1.920e-2,0.019198800000000002
2.121e-4 x 279.6 = ?,0.05930;5.930e-2,0.05930316000000001
1e-4 x 29.30 = ?,0.003;3e-3,0.0029300000000000003
2e-4 x 42.678 = ?,0.009;9e-3,0.008535599999999999
0.04 x 5660 = ?,200;2e2,226.4
1.5e-4 x 1.4482 = ?,2.2e-4;2.2e-4,0.00021722999999999998
0.04 x 0.071563 = ?,0.003;3e-3,0.00286252
20 x 0.1042 = ?,2;2e0,2.084
0.028118 x 0.03 = ?,8e-4;8e-4,0.0008435399999999999
1500 x 1.2e-4 = ?,0.18;1.8e-1,0.18
0.02812 x 0.4688 = ?,0.01318;1.318e-2,0.013182656
3200 x 5658 = ?,1.8e7;1.8e7,18105600.0
1048.1 x 8240. = ?,8.636e6;8.636e6,8636344.0
5 x 407.19 = ?,2000;2e3,2035.95
4.50e-4 x 1.2000e-4 = ?,5.40e-8;5.40e-8,5.4e-08
1048.1 x 410 = ?,4.3e5;4.3e5,429720.99999999994
720 x 0.0011 = ?,0.79;7.9e-1,0.792
3.089e-4 x 1257.7 = ?,0.3885;3.885e-1,0.38850353
0.57 x 0.15 = ?,0.085;8.5e-2,0.08549999999999999
233.00 x 0.1042 = ?,24.28;2.428e1,24.2786
160. x 0.002428 = ?,0.388;3.88e-1,0.38848
0.001389 x 60 = ?,0.08;8e-2,0.08334
0.1 x 4000 = ?,400;4e2,400.0
9.5e-4 x 0.3 = ?,3e-4;3e-4,0.000285
0.04095 x 6.514 = ?,0.2667;2.667e-1,0.2667483
24.4 x 1.7476e-4 = ?,0.00426;4.26e-3,0.004264143999999999
2000 x 1.748e-4 = ?,0.3;3e-1,0.34959999999999997
3.09e-4 x 0.005 = ?,2e-6;2e-6,1.5449999999999998e-06
2 x 0.22105 = ?,0.4;4e-1,0.4421
2000 x 2670 = ?,5e6;5e6,5340000.0
1.00e4 x 3.07 = ?,3.07e4;3.07e4,30700.0
0.028 x 3.7e-4 = ?,1.0e-5;1.0e-5,1.036e-05
3237.5 x 0.001 = ?,3;3e0,3.2375000000000003
0.1842 x 0.683 = ?,0.126;1.26e-1,0.12580860000000002
494.17 x 1258 = ?,6.217e5;6.217e5,621665.86
1.5e-4 x 0.071563 = ?,1.1e-5;1.1e-5,1.0734449999999999e-05
3 x 13.817 = ?,40;4e1,41.451
7000 x 280. = ?,2e6;2e6,1960000.0
3e-4 x 1260 = ?,0.4;4e-1,0.37799999999999995
200 x 1831.7 = ?,4e5;4e5,366340.0
7.906 x 29.3 = ?,232;2.32e2,231.6458
1.0e4 x 62 = ?,6.2e5;6.2e5,620000.0
0.82864 x 9.4873 = ?,7.8616;7.8616e0,7.861556272
11.514 x 0.008 = ?,0.09;9e-2,0.092112
2200 x 0.01 = ?,20;2e1,22.0
0.1842 x 0.0716 = ?,0.0132;1.32e-2,0.01318872
4714.9 x 100 = ?,5e5;5e5,471489.99999999994
1.207 x 62.2 = ?,75.1;7.51e1,75.0754
6866.5 x 131.8 = ?,9.050e5;9.050e5,905004.7000000001
1.758 x 0.0035 = ?,0.0062;6.2e-3,0.0061530000000000005
0.059636 x 4.47 = ?,0.267;2.67e-1,0.26657292
4 x 131.82 = ?,500;5e2,527.28
3.089e-4 x 0.01092 = ?,3.373e-6;3.373e-6,3.3731879999999994e-06
3 x 3.707e-4 = ?,0.001;1e-3,0.0011121
0.002024 x 0.322 = ?,6.52e-4;6.52e-4,0.0006517280000000001
36 x 3.07 = ?,110;1.1e2,110.52
9.541e-4 x 0.0011 = ?,1.0e-6;1.0e-6,1.0495100000000001e-06
3200 x 6.51 = ?,2.1e4;2.1e4,20832.0
160.0 x 90.52 = ?,1.448e4;1.448e4,14483.199999999999
1526.4 x 20. = ?,3.1e4;3.1e4,30528.0
24 x 0.049139 = ?,1.2;1.2e0,1.1793360000000002
9.54e-4 x 0.00114 = ?,1.09e-6;1.09e-6,1.08756e-06
0.00429 x 0.023168 = ?,9.94e-5;9.94e-5,9.939072000000002e-05
0.0281 x 1258 = ?,35.3;3.53e1,35.3498
51.795 x 1000 = ?,5e4;5e4,51795.0
16.8 x 0.104 = ?,1.75;1.75e0,1.7472
2.121e-4 x 6000 = ?,1;1e0,1.2726
1.000e4 x 2700 = ?,2.7e7;2.7e7,27000000.0
1.758 x 0.46883 = ?,0.8242;8.242e-1,0.8242031400000001
1.0000e4 x 7.862e-4 = ?,7.862;7.862e0,7.862
4e-4 x 0.15178 = ?,6e-5;6e-5,6.0712000000000004e-05
0.087 x 2.55e-4 = ?,2.2e-5;2.2e-5,2.2185e-05
