<ims:imsmanifest xmlns:ims="http://www.imsglobal.org/xsd/imscp_v1p1" xmlns:xsi="http://www.w3.org/2001/XMLSchema-instance" xsi:schemaLocation="http://www.imsglobal.org/xsd/imscp_v1p1 http://www.imsglobal.org/xsd/qti/qtiv2p1/qtiv2p1_imscpv1p2_v1p0.xsd">
  <organizations>
    <organization identifier="org1">
      <item identifier="assessment" identifierref="160cece743911ac7b4838be2b677e467"/>
    </organization>
  </organizations>
  <resources>
    <resource identifier="160cece743911ac7b4838be2b677e467" type="imsqti_test_xmlv2p1" href="160cece743911ac7b4838be2b677e467.xml"/>
  </resources>
</ims:imsmanifest>
