<ims:imsmanifest xmlns:ims="http://www.imsglobal.org/xsd/imscp_v1p1" xmlns:xsi="http://www.w3.org/2001/XMLSchema-instance" xsi:schemaLocation="http://www.imsglobal.org/xsd/imscp_v1p1 http://www.imsglobal.org/xsd/qti/qtiv2p1/qtiv2p1_imscpv1p2_v1p0.xsd"><organizations><organization identifier="org1"><item identifier="assessment" identifierref="1e5a9a5909df632feb4a940e6731c0b2"/></organization></organizations><resources><resource identifier="1e5a9a5909df632feb4a940e6731c0b2" type="imsqti_test_xmlv2p1" href="assessment.xml"/></resources></ims:imsmanifest>