<ims:imsmanifest xmlns:ims="http://www.imsglobal.org/xsd/imscp_v1p1" xmlns:xsi="http://www.w3.org/2001/XMLSchema-instance" xsi:schemaLocation="http://www.imsglobal.org/xsd/imscp_v1p1 http://www.imsglobal.org/xsd/qti/qtiv2p1/qtiv2p1_imscpv1p2_v1p0.xsd">
  <organizations>
    <organization identifier="org1">
      <item identifier="assessment" identifierref="d4038c338af9bc81fce490029dc833c1"/>
    </organization>
  </organizations>
  <resources>
    <resource identifier="d4038c338af9bc81fce490029dc833c1" type="imsqti_test_xmlv2p1" href="d4038c338af9bc81fce490029dc833c1.xml">
      <dependency identifierref="imgAlapng"/>
      <dependency identifierref="imgPropng"/>
      <dependency identifierref="imgThrpng"/>
      <dependency identifierref="imgSerpng"/>
      <dependency identifierref="imgIlepng"/>
      <dependency identifierref="imgTyrpng"/>
      <dependency identifierref="imgArgpng"/>
      <dependency identifierref="imgLyspng"/>
      <dependency identifierref="imgMetpng"/>
      <dependency identifierref="imgPhepng"/>
      <dependency identifierref="imgAsnpng"/>
      <dependency identifierref="imgTrppng"/>
      <dependency identifierref="imgLeupng"/>
      <dependency identifierref="imgAsppng"/>
      <dependency identifierref="imgGlypng"/>
      <dependency identifierref="imgCyspng"/>
      <dependency identifierref="imgGlupng"/>
      <dependency identifierref="imgValpng"/>
      <dependency identifierref="imgHispng"/>
      <dependency identifierref="imgGlnpng"/>
    </resource>
    <resource identifier="imgAlapng" type="webcontent" href="Uploaded Media/Ala.png">
      <file href="Uploaded Media/Ala.png"/>
    </resource>
    <resource identifier="imgPropng" type="webcontent" href="Uploaded Media/Pro.png">
      <file href="Uploaded Media/Pro.png"/>
    </resource>
    <resource identifier="imgThrpng" type="webcontent" href="Uploaded Media/Thr.png">
      <file href="Uploaded Media/Thr.png"/>
    </resource>
    <resource identifier="imgSerpng" type="webcontent" href="Uploaded Media/Ser.png">
      <file href="Uploaded Media/Ser.png"/>
    </resource>
    <resource identifier="imgIlepng" type="webcontent" href="Uploaded Media/Ile.png">
      <file href="Uploaded Media/Ile.png"/>
    </resource>
    <resource identifier="imgTyrpng" type="webcontent" href="Uploaded Media/Tyr.png">
      <file href="Uploaded Media/Tyr.png"/>
    </resource>
    <resource identifier="imgArgpng" type="webcontent" href="Uploaded Media/Arg.png">
      <file href="Uploaded Media/Arg.png"/>
    </resource>
    <resource identifier="imgLyspng" type="webcontent" href="Uploaded Media/Lys.png">
      <file href="Uploaded Media/Lys.png"/>
    </resource>
    <resource identifier="imgMetpng" type="webcontent" href="Uploaded Media/Met.png">
      <file href="Uploaded Media/Met.png"/>
    </resource>
    <resource identifier="imgPhepng" type="webcontent" href="Uploaded Media/Phe.png">
      <file href="Uploaded Media/Phe.png"/>
    </resource>
    <resource identifier="imgAsnpng" type="webcontent" href="Uploaded Media/Asn.png">
      <file href="Uploaded Media/Asn.png"/>
    </resource>
    <resource identifier="imgTrppng" type="webcontent" href="Uploaded Media/Trp.png">
      <file href="Uploaded Media/Trp.png"/>
    </resource>
    <resource identifier="imgLeupng" type="webcontent" href="Uploaded Media/Leu.png">
      <file href="Uploaded Media/Leu.png"/>
    </resource>
    <resource identifier="imgAsppng" type="webcontent" href="Uploaded Media/Asp.png">
      <file href="Uploaded Media/Asp.png"/>
    </resource>
    <resource identifier="imgGlypng" type="webcontent" href="Uploaded Media/Gly.png">
      <file href="Uploaded Media/Gly.png"/>
    </resource>
    <resource identifier="imgCyspng" type="webcontent" href="Uploaded Media/Cys.png">
      <file href="Uploaded Media/Cys.png"/>
    </resource>
    <resource identifier="imgGlupng" type="webcontent" href="Uploaded Media/Glu.png">
      <file href="Uploaded Media/Glu.png"/>
    </resource>
    <resource identifier="imgValpng" type="webcontent" href="Uploaded Media/Val.png">
      <file href="Uploaded Media/Val.png"/>
    </resource>
    <resource identifier="imgHispng" type="webcontent" href="Uploaded Media/His.png">
      <file href="Uploaded Media/His.png"/>
    </resource>
    <resource identifier="imgGlnpng" type="webcontent" href="Uploaded Media/Gln.png">
      <file href="Uploaded Media/Gln.png"/>
    </resource>
  </resources>
</ims:imsmanifest>
